1000252,SURT2000XLI
1000248,SURT192XLBP
1188650,TN-580
1074725,KVM-121
1005849,Q6001A
1189582,CB336WL
1189590,51645AL
1004804,Q3963A
1036375,Q5949A
1036374,Q5942A
1004963,Q6511A
1189613,C6578DL
1003420,C4911A
1003422,C4912A
1003421,C4913A
1036369,C7115A
1003446,C5016A
1004823,C9428A
1004824,C9429A
1005766,C5056A
1005767,C5057A
1003669,Q7551X
1037399,C9404A
1004569,CB382A
1004580,CB383A
1082215,C4846A
1082251,C4847A
1003686,Q7553A
1003680,Q7553X
1189737,C8774WL
1189738,C8775WL
1189743,C9352AL
1189744,C9361WL
1189752,C9387AL
1189754,C9391AL
1004029,C9403A
1191128,106R01159
1047103,108R00575
1191150,006R01146
1072669,108R00646
1072473,#106R01145
1191160,106R01078
1191161,106R01079
1191164,108R00648
1073174,106R01163
1073264,106R01162
1073144,108R00713
1073298,115R00050
1047007,108R00580
1191193,106R01246
1191230,106R01374
1191260,013R00606
1071429,113R00712
1191314,113R00671
1071998,106R01219
1071942,106R01221
1045173,113R00670
1191366,108R00817
1191367,108R00818
1191368,108R00819
1191369,108R00820
1191397,006R01046
1191400,006R01179
1001126,GLC-LH-SM=
1005180,CC530A
1005765,C5055A
1005909,CE505X
1082538,C5018A
1189941,K62238
1191159,106R01077
1035602,C9463A
1191232,106R01412
1188640,TN650
1077183,DPR-1020
1189621,C4906A
1004049,C9470A
1189579,CC656AL
1189620,C4902A
1004045,C9466A
1004046,C9467A
1084954,C9459A
1084882,C9456A
1084903,C9457A
1021816,CE250X
1082823,C5064A
1096204,C9409A
1037409,CE262A
1034278,CH565A
1037410,CE263A
1005362,CE253A
1005363,CE252A
1005364,CE251A
1191131,108R00493
1191327,106R01446
1189679,51644C
1191324,106R01443
1191122,008R13028
1191259,013R00607
1191238,108R00908
1191323,106R01487
1191290,106R01400
1191321,106R01458
1191402,006R01176
1191088,101R00435
1191135,108R00796
1191357,008R13061
1191118,006R01401
1191403,006R01177
1188628,DR-360
1191169,109R00751
1191233,106R01415
1191119,006R01400
1191313,106R01047
1188599,TN-210M
1191398,113R00607
1009853,PC-402RF
1188620,TN-115BK
1191123,008R12989
1191294,106R01403
1191214,006R01272
1188600,TN-210Y
1191210,006R01220
1191213,006R01271
1188590,DK-1241
1191086,101R00432
1191355,001R00600
1191325,106R01444
1188602,DK-2211
1191117,006R01402
1191229,106R01372
1191401,006R01175
1191216,006R01319
1000702,AIR-ANT4941
1189758,CD949A
1191237,106R01484
1189681,CB316WL
1189645,C8728AL
1189684,CB318WL
1188669,LC980C
1188673,LC-1100C
1188616,LC51C
1188615,LC51M
1189686,CB319WL
1188674,LC-1100M
1189644,C8727AL
1189687,CB320WL
1188578,LC-1100Y
1189573,CC643WL
1188577,C-1030
1046211,016199700
1190716,ATX650
1004022,C9370A
1004043,C9464A
1189624,C4904A
1188594,M231
1191235,106R01482
1189901,K62562US
1001160,AIR-PWRINJ3=
1188619,TN-110Y
1191340,106R01281
1005325,Q6511X
1191087,106R01305
1191157,006R01278
1191165,108R00649
1133544,DWA-525
1021081,L2703A
1189643,C6657AL
1189718,CN690AL
1189719,CN691AL
1003667,Q7551A
1021605,K64068F
1004566,CB542A
1000253,SURT1000XLI
1191393,013R00589
1191094,013R00660
1191095,013R00659
1191093,013R00657
1191096,013R00658
1191100,008R13086
1191098,008R13088
1191151,109R00772
1191332,113R00725
1191090,006R01464
1191091,006R01463
1191089,006R01461
1191099,001R00610
1191097,008R13089
1039732,SDC4/4GB
1189760,KH540AA
1188634,TN-700
1188593,WT-200CL
1188586,DK-1204
1188588,DK1209
1223160,SRC3000XLI
1012994,QL-1060N
1001304,CISCO2811
1235264,108R00841
1189581,CB315AL
1039543,SD4/8GB
1006681,Q7516A
1034276,CD951A
1082279,C4848A
1084768,C9452A
1082101,C4821A
1189642,C6656AL
1035600,C9461A
1019389,C5063A
1189767,BM914AW
1188656,DK2210
1504421,LC-60C
1188589,DK-1221
1005489,Q3985A
1252314,C9351CL
1009371,LS1203-7AZU0100SR
1252325,C9352CL
1035599,C9460A
1512837,DES-1024A
1191121,113R00755
1189571,CC640WL
1183488,DES-1210-28
1689833,TN-410
1694450,K60112
1529150,113R00762
1529151,115R00070
1797938,PT-9700PC
1189892,K64025F
1189925,K56152US
1678911,106R01601
1678976,106R01632
1678977,106R01633
1678975,106R01631
1678978,106R01634
1693021,106R01536
1231463,108R00840
1231462,108R00839
1543158,106R01476
1782717,108R00938
1782715,108R00936
1782716,108R00937
1082508,C5017A
1096205,C9410A
1020343,EM870AA
1782718,108R00940
1782713,001R00613
1190717,6802
1849702,K72274
1530525,CE390X
1042212,109R00754
1693017,006R01517
1782714,013R00662
1693020,006R01520
1693019,006R01519
1678914,106R01604
1688299,DAP-2360
1676081,DCS-932L
1693018,006R01518
1863877,108R00958
1863878,108R00959
1863879,108R00960
1863880,108R00961
1264457,SW-CCME-UL-6921=
1911022,CE958A
1688301,DGS-1008P
1863907,013R00591
1082606,C5021A
1082573,C5020A
1005409,AE470A
1988502,DTSE9H/16GBZ
1669167,CR652A
1245325,CQ109A
1858359,CE413A
1821486,106R01582
1821487,108R00982
1995157,106R01573
1995143,106R01526
1995161,108R01022
1995156,106R01572
1995142,106R01525
1995160,108R00989
1995155,106R01571
1995141,106R01524
1995140,106R01523
1995158,106R02180
1995144,106R01570
2024684,3500B001
2027172,CE658A
1966221,CF280A
1891310,647905-B21
1904271,652238-B21
1020278,SYPM
1904442,661069-B21
1891333,656362-B21
1891307,647897-B21
2088531,B11B206201
2088578,V11H476020
2088580,V11H478120
2088582,V12H418P12
2088581,V11H479120
2087558,106R02306
1037728,V13H010L50
1004631,V13H010L41
1044154,V13H010L54
1904269,631681-B21
1004637,V13H010L42
1891332,655710-B21
1891321,652611-B21
1903357,652235-B21
1903358,652241-B21
1903402,660598-B21
2139695,CQ891A
2139696,CQ893A
2149844,008R13021
2149855,106R02312
2310465,H5D-00013
2139694,CQ890A
1252262,80000355E
1789171,9700-MSCR
1992329,DIR-505
1994862,WD10EZEX
2317987,106R02310
2317986,001R00593
2116421,CF212A
2116422,CF213A
2116420,CF211A
2111684,HL-5450DN
2341248,CD646A
2309085,MD101CI/A
1059028,C544X1KG
1993969,C748H1MG
1059110,C544X1YG
1993974,X746H1KG
1053577,C736H1MG
1993977,X748H1YG
1993976,X748H1MG
2357993,X654X11L
2360581,T159320
2360582,T159420
2360605,T159920
2360583,T159720
2360606,T596100
2360584,T159820
2360607,T596200
2360580,T159220
2360609,T596400
2360579,T159120
2360608,T596300
2360578,T159020
2360611,T673120-AL
2360614,T673420-AL
2367024,DCP-8155DN
2353625,MFC-8950DW
1798227,CE403A
1798225,CE401A
1189179,AF571A
2365931,DIR-610
2372892,6PC-00025
2357985,E360H11L
2374357,6GQ-00049
1239962,C792X1KG
1983567,CF116A
2360612,T673220-AL
2379605,HU6030
1862279,9009792
2368901,106R02233
2368904,106R02236
2368903,106R02235
2370945,52D4X00
2328037,70C0D20
1299121,X792X1YG
1298997,X792X1KG
2402615,9700-BTEC-1
2396961,2976B017
2396957,0617B050
2396960,2975B017
1681524,X950X2KG
2370263,Q6721B
1903390,659337-B21
2368919,108R01121
2357914,E352H11L
2403144,CV6090
1681525,X950X2MG
2411528,V11H471020
2370349,70C8HK0
2074236,C5240MH
2411886,50F4X00
1903392,659341-B21
2396956,0615B050
2147668,2AA-00008
2410892,6371B003
2043105,WD10EFRX
2043106,WD20EFRX
1953719,DTMCK/8GB
1231089,SDC4/32GB
2138545,108R01124
1673728,JR9-00011
2370353,70C8HY0
2402610,HL-3170CDW
2368920,108R01122
2074291,C734X77G
2344200,V11H473020
2328040,70C0Z10
1798193,CE400A
1903360,652620-B21
1903387,658079-B21
2330692,40G0855
1530529,CE734A
1674581,0A33932
1799380,M7J-00004
2413316,SKC300S3B7A/120G
1009357,DS6707-SRBU0100ZR
2422118,CR770A
2402611,MFC-9330CDW
1222506,SURT019
2444950,CR354A
2444951,CR355A
1015812,10007003K
1189768,FK182AA
1015799,10006995-1K
2444953,CR357A
2444952,CR356A
1049911,C7720KX
1056105,C930H2YG
1056048,C930H2CG
2482509,60F4H00
2454703,1511B020
1009234,20-70774-02R
1056076,C930H2MG
2325193,35S2993
1001169,CAB-V35MT=
1158826,ACS-1941-RM-19=
1096388,CISCO1941-SEC/K9
1001425,AIR-ANT5135D-R
1173172,AIR-CAP3502I-A-K9
1020393,AIR-CT5508-25-K9
2437210,J9833A
1013610,AP-PSBIAS-1P3-AFR
2480239,722320-B21
2520050,CN461A
1925190,5201B001AB
1925189,5203B001
2492685,E1L21A
2520067,FQC-06998
2137575,CZ131A
2035435,CZ120AL
2328334,T195120-AL
1987726,TZE-FX241
2328244,8750
2328336,T195320-AL
2328335,T195220-AL
2328288,T063420-AL
2328327,T136126-AL
2328315,T090120-AL
1441737,CH648A
1441590,CH645A
1441695,CH647A
2328283,T047320-AL
1035524,C4873A
1174794,CN632A
2427619,T693100
2398083,T157320
2427620,T693200
2475704,1509B020AA
2398104,T596A00
2398084,T157420
1441206,CE020A
2427621,T693300
2398105,T596B00
1590236,0898B001
2427622,T693400
2432012,1900B010AA
2398099,T157920
2398081,T157120
2430763,5202B001
2328342,T197120-AL
1590327,0897B001
2328313,T087820
2398097,T157720
2470837,CN054AL
2328310,T087320
2492019,0616B050AA
2528603,0895B001.
2470839,CN056AL
2427623,T693500
2432013,2945B016AA
2409345,50F4U00
2398082,T157220
1441101,CE018A
2328265,8755
2137579,CZ135A
2328308,T087120
1590486,0894B001
2328314,T087920
2398098,T157820
2328312,T087720
2398096,T157620
2470838,CN055AL
2427637,2948B016AA
2328311,T087420
2398095,T157520
2446084,B6Y15A
2504236,0628B035AA
2528604,0896B001.
2328289,T072126-AL
2432015,2947B016AA
2328326,T135120-AL
2035433,CZ118AL
2328328,T138120-AL
2342713,T664120-AL
2342716,T664420-AL
2328280,S041141-ML
2342715,T664320-AL
2328329,T138126-AL
2331893,5200B001
2523281,8275B001
2485884,T269220-AL
2523282,8277B001
2485915,T269320-AL
2519438,6435B001
2475795,6881A067AA
2485916,T269420-AL
2519442,6480B001
2519439,6477B001
2402598,24018SL
2485883,T269120-AL
2519441,6479B001
2485882,T269020-AL
2519440,6478B001
2433926,I14ZI5-650LC
2469936,3574PKD
2487339,ME087CI/A
2445869,H5N68AA#AKH
2441509,A5185927
2476052,661505446
2486253,657117656
2492047,V11H480520
2491594,737649-S01
2524095,XLSH6CL
2518828,ME276CI/A
2518829,ME277CI/A
1857620,TZE-S951
1794917,TZE-S961
2302032,TN-750
1857618,TZE-S661
2302033,TN-780
2302030,DR-720
2358707,LC-71BK
2358710,LC-71Y
2429625,C7B34LA#ABM
2486755,I14I3_S475BZ
2358708,LC-71C
2358709,LC-71M
2528618,29MA73D-PS.
2431356,C1Q11A
2431345,B3P13A
2431346,B3P14A
2431349,B3P18A
2431348,B3P17A
2431347,B3P15A
2503089,210-AATQ
1857617,TZE-315
2430243,WT-220CL
1857619,TZE-S941
2515724,PSKPNP-00YLM1
2513791,E3W02LT
2513792,F2Q89LT
2478227,320-2807
1036202,AP7557
1054405,27S2100
2413780,K63207EU
2535840,GMF-00380
1537255,K72339US
2504871,K62590AM
2504872,L22801A
2504869,K62588AM
2504867,K62238A
2504870,K62589AM
2504868,K62574
1302635,SG-MC9121112-01R
2328293,T073320-AL
2328294,T073420-AL
2328292,T073220-AL
2328324,T133320-AL
2328325,T133420-AL
2328320,T115126-AL
2328318,T103320-AL
2328319,T103420-AL
2328285,T063120-AL
2328286,T063220-AL
2328321,T117120-AL
2328339,T196220-AL
2328341,T196420-AL
2328322,T133120-AL
2328331,T140220-AL
2485601,3574EPD
2490830,331-6307
2478229,3313754
1137036,WS-C2960S-24TS-S
1165420,CISCO1921/K9
1137468,WS-C2960S-48FPS-L
1963527,AIR-CAP3602I-A-K9
2326071,00Y2501
2318156,90Y8913
2068710,BX80637I33240
2446430,BX80646G3420
2413845,CP-9020064-WW
2413844,CP-9020063-WW
2411924,BLKDB85FL
1191428,068265
1190725,TELCNXX1692
1983253,T4L-00004
2491059,GMF-00376
2491057,GMF-00364
2491058,GMF-00370
2328290,T073120-AL
2328338,T196120-AL
1083461,11A3540
2342714,T664220-AL
2116418,CF210A
2530282,8255B001
2505786,E2A10LT#ABM
2528600,E1Z55LT#ABM
2505785,E2A07LT#ABM
2505694,E1Z53LT#ABM
2505693,C7P14AV#044
1903458,666157-B21
2028615,C8MAGIC
1190241,1190241CABLEPODER
2413826,VGA1.8
2326063,00Y2469
2430237,TN-221C
2430238,TN-221M
2430239,TN-221Y
2430227,DR-221CL
2520040,DR-1060
2430240,TN-225C
2500965,CF068A
1187919,adaptador-universal-de-enchufe-con-tierra
2035431,CZ116AL
1174788,CN629A
1442207,CM994A
1442167,CM992A
1442815,CM993A
1442080,CH649A
1442312,CM997A
1442272,CM996A
1442234,CM995A
1441144,CE019A
1035601,C9462A
2446115,B6Y16A
2446118,B6Y19A
1034069,C9482A
2446116,B6Y17A
2446119,B6Y20A
1441062,CE017A
1034071,C9484A
2446121,B6Y22A
2446117,B6Y18A
1034068,C9481A
2446120,B6Y21A
1034073,C9486A
1034067,C9480A
1034072,C9485A
1441553,CH644A
2035429,CZ114AL
2035428,CZ113AL
2529756,QZ219AV#192
2529755,QZ219AV#191
2302031,TN-720
2430231,LC103Y
2539069,"FQC -08294"
2534321,FQC-08289
2490311,H3S-00003
1244382,7YF-00001
2550234,V11H553021
2550233,V11H550021
2520457,V11H546021
2430228,LC103BK
2430230,LC103M
2430242,TN-225Y
2430229,LC103C
2505776,341-9874
2523638,E1914H
2481968,00D5036
2481970,00D5044
2328306,T082620-AL
2328302,T082220-AL
2328303,T082320-AL
2328305,T082520-AL
2328317,T103220-AL
2328304,T082420-AL
2328275,S015329
2328301,T082120-AL
2328279,S041111-ML
1728765,C13S020450
1728719,C13S020448
1728718,C13S020447
2328333,T140420-AL
2328330,T140120-AL
2550219,S015631
2502675,10BD0020CS
2430241,TN-225M
2482003,46W2841
2482040,46W4369
2328295,T081120-AL
2328300,T081620-AL
2328297,T081320-AL
2328298,T081420-AL
2328332,T140320-AL
2537019,7915EGU
2537020,7915EKU
2537018,7915EFU
2537016,7914EGU
2537015,7914D3U
2035427,CZ106AL
2035434,CZ119AL
2035430,CZ115AL
2490292,WD1003FZEX
1862397,ST6081
2430236,TN-221BK
2555827,WEXTWAR3YR-SB-15
2489845,740887-B21
2556219,CZ181A
2470836,CN053AL
2434465,Q7817A
2481813,731765-B21
1189603,CQ113A
1252840,CH561HL
1252841,CH562HL
1252843,CH564HL
1212938,CE321A
1230997,CE272A
1230995,CE270A
1231004,CF032A
1231003,CF031A
2328278,S015621
2342711,LC-5WBN9
1212939,CE322A
1948291,TZE-SE4
2430232,LC105C
1917404,TZE-243
2430234,LC105Y
1251274,PWRS-14000-148R
1230996,CE271A
1230998,CE273A
1708381,TZE-541
2565863,V11H558020
2565862,V11H552021
2551778,89-206-EV8110
1737237,TZE-S131
1708383,TZE-325
1708384,TZE-345
1857616,TZE-151
2569043,T653A00
1818332,TZE-FX251
1239969,C925H2CG
1230999,CE310A
1788159,TZE-211
2469287,WD40EFRX
2043107,WD30EFRX
2328276,S015335
2490294,WD3003FZEX
2572620,WD20PURX
2572619,WD10PURX
2574008,SL-M4020ND/XBH
1917403,TZE-741
1891331,655708-B21
1080350,DWL-8600AP
2572621,WD30PURX
2549135,20AMA0FKCL
2513834,59403310
2564561,210-AAOO
2583998,ZBOXNANO-ID63-PLUS-U
2586831,MFC-J6720DW
2634674,ZBOXNANO-AQ01-PLUS-U
1737476,TZE-335
2577153,F2P68LT#ABM
2513837,59403348
2639765,B4L10A
2610503,QQ2-00050
2635781,T603900
2635778,T603400
2635779,T603500
2635780,T603700
2552366,E3V98LT
2577156,G1R02LT
1174795,CN636A
1174790,CN631A
1174793,CN634A
1174792,CN633A
2328277,S015384
2514039,57323222
2561484,C7P14AV#052
2426038,LH46UECPLGC/ZA
2635743,LH40MDCPLGA/ZA
2576152,LH32MECPLGA/ZA
2576153,LH46EDCPLBC/ZA
2523351,LT22C301LB/ZS
2576154,LH46MDCPLGA/ZA
2523352,LT24C301LB/ZS
2635776,T603100
2566134,P2414H
2563716,M115HD
1996163,647877-B21
2634709,E3H-00347
1174796,CN630A
2635742,LH40EDCPLBC/ZA
2629474,LS22D300NY/ZS
2635744,LH65EDCPLBC/ZA
2610488,1500109ES
2635777,T603200
2564848,T636900
2642301,T591100
2642316,T591600
2642302,T591200
2556252,V12H003Z27
2634122,WDBCTL0030HWT-NESN
2635741,LH32MDCPLGA/ZA
2643777,89-206-ET8104
2636375,27008
2637888,16M35A-B
2413319,SKC300S3B7A/480G
2510295,DTM30/32GB
1988271,SD10V/32GB
2510294,DTM30/16GB
1823549,SD10V/16GB
2431354,B3P23A
2575333,CAL7240W7P013
2531799,738661-B21
2513826,59380191
2552958,E3U51LA
2513827,59392335
1975137,DGS-1008A
2200807,DWA-182
2429993,DWA-171
2562503,DIR-816L/E
2353325,DWA-132
2609924,DIR-803
2028516,DNS-320L
2635819,89-206-EZ8105
2635818,89-206-EV4100
2558395,8330B005
2520445,A2W77A
1201164,3RF-00004
2642318,T591800
2514041,57323308
2577127,G5Q99LT
2514038,57319674
2625036,E2D14AV#999
2418727,D8D47LT#ABM
2513812,59387721
2439875,C8S61A
1023068,AJ941A
2638415,PSKP2P-00MLM1
2638414,PSKHAP-01JLM2
2638412,PSCD6P-00D007
2638413,PSD22P-006LM2
2638417,PSUB2P-00ELM1
1857348,DTSE9H/16GB
2406432,DT100G3/64GB
1857349,DTSE9H/8GB
2504813,DTIG4/16GB
2504814,DTIG4/32GB
1020259,SD4/32GB
2063483,DTSE9H/32GB
2504815,DTIG4/64GB
2649001,F7V23LT
2648997,F2R94LT
2572622,WD40PURX
2519887,WD1001X06XDTL
2576155,LH46MECPLGA/ZA
2586830,ADS-1500W
2590224,ZT-70402-10P
2348181,K28109WW
2648964,27010
2515733,2787B003
2642304,T591400
2642303,T591300
2642315,T591500
2642317,T591700
2642319,T591900
2575345,CUO7010W7PXXX-SFF
2575348,CA03020W7P009-SFF
1196327,AP5808
2488280,PT235P_07QLM1
2370371,80C8HM0
2370367,80C8HC0
2370373,80C8HY0
2370369,80C8HK0
2513809,59366225
2562130,674284993
2649073,59408687
1198597,AP8853
1915397,C12C890191
2550223,T694400
2550224,T694500
2550222,T694300
2550221,T694200
2550220,T694100
2646775,MD711CI/B
2646777,MD760CI/B
2649071,59384286
2646776,MD712CI/B
2646778,MD761CI/B
2605526,I14HI5_S61TBZ1
2649070,57324657
2664121,5835BK
2557629,L2730B
2663372,24MT45A-PM
2663371,22MT45A-PM
2636374,U7Z-00041
2636373,U7Z-00031
2636371,U7Z-00011
2636370,U7Z-00001
2558984,22M35A-B
2646839,310-5084
2646840,341-4641
2649072,59403384
2435545,MD761CI/A
2648996,F2Q91LT
2574168,BX80646I34150
2583203,MD878CI/A
2564841,T636200
2669666,H6X39AA#AKH
2670685,F4H26LA
2642821,L5V-00004
2649667,341-4642
2639132,WDBMWV0020BBK-NESN
2639133,WDBPGC5000ABK-NESN
2647658,WDBCTL0020HWT-NESN
2678054,V11H561020
2639766,CZ165A
2476312,MAV14LPM1RHA
2476313,MAV14LST3RAA
2476457,TFN14LST3RAA
2476456,MIS14LST3RAA
2583204,ME253CI/A
2552598,20AWA015CL
2477233,225-4429
2644110,8747B004
2410696,BX80637I33250
2678051,C11CC85221
2422105,MD813CI/A
2536268,BOXD34010WYKH
2683937,57327046
2520391,BOXDN2820FYKH0
2564842,T636300
2564845,T636600
2564840,T636100
2564843,T636400
2564846,T636700
2564844,T636500
2564847,T636800
2647660,WDBVKW0040JCH-NESN
2647659,WDBCTL0040HWT-NESN
2647663,WDBWWD0000NBK-NESN
2665373,ZT-60416-20L
2683936,57316652
1967155,9630A004
2649000,F7U89LA
2504242,ME866CI/A
2629473,LS19D300NY/ZS
2682182,V11H565020
2309150,MD826ZM/A
2625014,CAO9020W7P022-AIO
2322555,MC838BE/B
1708382,TZE-S631
2682317,BE320-SD
1982495,TZE-S621
2687075,606924781
2596988,HX316C10FB/8
2596987,HX316C10FB/4
1728674,C13S020449
2689289,748921-201
1931847,90Y8567
2576156,LH55MECPLGA/ZA
2669657,332-1833
2549079,669322880
2342460,59348952
2513839,59404995
2590543,59392335
2590538,57317541
2590541,59380211
2590539,59356166
2590542,59380397
2590537,57316211
2513813,59388025
2590540,59371481
2687786,B11B207211
2684018,747088-001
2684019,747767-001
2560744,37024NS
2539066,PSCD2P-014LM2
2677750,PSKP2P-00MLM1
2677747,PSCD6P-00D007
2677749,PSKHAP-01JLM2
2677752,PSUB2P-00ELM1
2677748,PSD22P-006LM2
2609587,DCP-J105
2583269,HDTD210XSMEA
2470847,CN624AM
2470845,CN622AM
2470846,CN623AM
2470844,CN621AM
2489323,CF283A
2684020,748953-001
2560743,20C0A02YCS
2425126,PT235P-07QLM1
2665106,PSPMHP-0DKLM2
2698787,PDW09P-001LM1
1728766,C13S020451
1728720,C13S020452
2685742,9337B001
2700555,9126B007
2648998,F4J55LT#ABM
2648999,F4J59LT#ABM
2625038,G5R02LT#ABM
2648995,E8X86AV
2625034,E2D14AV
1681521,C950X73G
2559904,20AWS02V00
2706966,B11B200251
2506264,BX80646G1820
2609586,DCP-J100
2649002,G1R09LT#ABM
2706952,BP40NB30
2432819,HL3150CDN
2148361,CE343A
2148358,CE340A
2148360,CE342A
2148359,CE341A
1818331,TZ-252
2556100,PSCDAP-010LM3
1987277,BX1100CI
2471022,342-2242
2699825,MF883CI/A
2518822,MD789CI/A
1073621,ANT24-CB03N
2432026,DIR-868L
2608963,GP60NS50
2552353,ME643E/A
2559000,25UM65-P
2559004,27MP65HQ-P
2309094,MC184E/B
2563487,ME971E/A
2699818,ZT-71106-10L
2503088,712318-001
2638418,V5470I5_TS812SW8P1
2383977,49Y7980
2707203,8274B001
2707204,8276B001
2647664,WDBWWD0080KBK-NESN
2596994,HX316C10FR/8
2596993,HX316C10FR/4
2684326,C11CD76203
2700917,PFS032U-1DCK
2572029,708497-B21
2572027,708481-B21
2590449,701839-B21
2701224,89-206-EZ1300
2533314,I14I3_S475BZ1
2609588,MFC-J200
2625037,G5R00LT
2577128,G5R01LT#ABM
2549134,CM752A
2027801,KTH-X3CS/4G
1992583,JD096C
2373564,J9729A
2361406,J9734A
1165803,JD368B
1499432,J9650A
2684327,V11H573020
2635782,T612800
2713591,B11B210221
2713592,C11CD81303
2682318,CF547A
2709258,57322814
1813936,TZE-231
1668654,TZE-221
2342692,C51CB69050
1680624,TZE-S231
1849711,TZE-S261
1737497,TZE-S251
1680623,TZE-S221
1962670,M-531
2308335,TZE-S121
1744843,TZE-S641
2342693,C51CB70050
2520041,TN-1060
2686052,LC109BK
2686055,LC505Y
2686054,LC505M
2686053,LC505C
2706530,ADAP-9950
2575334,CAO9020W7P023-SFF
2646304,"POWER WIRE"
2686804,PU141P-02NLM2
2686803,PT44GP-02FLM1
2647661,WDBVKW0060JCH-NESN
2647662,WDBVKW0080JCH-NESN
2713593,V11H600021
2682322,SML6440W7P009
2713614,PFM032U-1DCK
2686048,F4L36LT#ABM
2686019,G5R64LT#ABM
2586828,GENMEN2GB
2683691,HX316LS9IB/8
2683690,HX316LS9IB/4
2418837,KVR16LS11/4
2418838,KVR16LS11/8
2670679,A7F65A
1000335,AP5257
2358711,TZE-S141
2708829,J2L49LT#ABM
2683432,I3442_I541TBUS
2719110,WDBFJK0040HBK-NESN
2719109,WDBFJK0030HBK-NESN
2713645,ZT-71003-10L
2727865,89-206-EZ8140
2723812,888013528
2723813,888014536
2686066,59426477
2686065,59426437
2727858,LC101BK
2727859,LC101C
2727860,LC101M
2727861,LC101Y
2733897,PSCD2P-014LM2.
2708830,J2L50LT#ABM
2733896,PSCD2P-013LM2.
2733898,PSKHWP-00ULM1.
1169340,WS-C3560X-24P-L
2331077,AIR-SAP2602I-A-K9
1992596,CTS-SX20-4XK9-PRM
1993963,C3KX-PWR-440WDC=
2439391,WS-C2960+24PC-L
1544562,SLM224GT-NA
1003450,SGE2000P
2445012,WS-C2960X-48LPS-L
2406009,ASA5515-SSD120-K9
2036484,CAB-CON-C4K-RJ45=
1045069,CVR-X2-SFP10G=
2381242,AIR-PWRINJ5=
1268782,CAB-MCP-LC=
1019781,CISCO881-K9
1001812,CAB-ETH-S-RJ45=
1002120,HWIC-2FE=
1002221,CAB-RPS2300-E=
1001062,NM-16ESW=
1002582,PWR-2700-AC=
1125228,L-FL-CME-SRST-25=
1033808,VIC3-4FXS/DID=
1208529,CISCO3925E/K9
2109624,AIR-CAP2602E-A-K9
1000945,AIR-PWR-B=
1020394,AIR-PWR-5500-AC=
1019689,AIR-LAP1242G-A-K9
1710922,AIR-AP1042N-A-K9
2733895,HDTB220XK3CA.
2733853,HDTB205XK3AA.
2733019,WDBZVM0040JWT-NESN
1988004,PWR-3900-DC=
2439766,AIR-CAP1602I-A-K9
2441566,HL-3150CDN
2636372,U7Z-00021
2636164,20ASA01BCL
2733854,HDTB210XK3BA.
2714726,ZBOX-CI320NANO-U-W2
2735869,8749B005
2735870,9338B001
2735871,9340B001
2706536,OP7010SFI7_S450W7PD
1056443,C540X33G
2688761,748921-B21
2723811,59385948
2735868,2983B002
2734596,K62603
2734504,K62599
2734595,K62601
2741618,PSCD6P-00D007.
2741623,PSUB2P-00ELM1.
2741619,PSCDAP-010LM3.
2741622,PSKP2P-00MLM1.
2741621,PSKHAP-01JLM2
2741620,PSD22P-006LM2
2729966,MGX82CI/A
2729967,MGX92CI/A
2567640,G4S51LA
2729968,MGXA2CI/A
2729965,MGX72CI/A
2703887,V11H447020
2574171,BX80646I54460
2574173,BX80646I54690
D2343P-peta,D2343P-BN
2729969,MGXC2CI/A
2642271,KHX-H3CL/WR
2714957,KHX-H3CLW
2736514,B11B222201
2739220,PA3927U-1PRP
2739221,PA5116U-1PRP
2729958,PSKQ8P-005LM2
2729959,PSKQ8P-007LM2
2729956,PSCLWP-00GLM1
2729957,PSCMNP-019LM1
2729955,PSCLWP-00FLM1
2759011,18601
2723787,E2T08AA
2470851,CN628AM
2470850,CN627AM
2470849,CN626AM
2470848,CN625AM
1051285,X850H21G
1712399,C950X2KG
2370375,80C8SC0
1712400,C950X2MG
2686002,59392492
2736157,TZE-M41
2723808,57319674
2770196,J1XD6
2770197,M1XF1
2742162,J8V55LT
2764166,CAPSW100
2764158,ZT-71201-20L
2574174,BX80646I74790
2749935,K62591AM
2764157,ZBOXNANO-ID67-PLUS-U
2736136,ZBOX-MI520-P-U
2639383,BLKDE3815TYKH0E
2739001,I3442_I341TBUS
1903359,652615-B21
2531917,718162-B21
2439876,C8S62A
2439873,C8S58A
2684021,E7W83A
2531798,738655-B21
1891295,631667-B21
2677998,E7W72A
2489856,742971-B21
2748367,CN-0MPT52
2682320,CZ256A
2734912,748920-B21
2734911,748919-B21
1061340,C9202MH
2712617,CAO9030W7P006
2376832,681842-B21
2739235,LAT5440I5H_S450BW7PDSS
2764152,WDBZVM0080JWT-NESN
2764151,WDBZVM0060JWT-NESN
2764156,ZBOX-BI320-U-W2
PPEXT09,PPEXT09
2412664,AIR-SAP1602I-A-K9
1903109,628061-B21
1744616,TZE-241
2713147,686053111
2574247,ME988CI/A
2518848,ME828CI/A
2111770,BX650CI
2739238,LAT7440I5H_S450SW7PD
2742159,J2M18LT
1794928,JG236A
2107388,AP838B
2481779,718359-B21
1996241,669322-B21
2774081,9544B001
2481799,724085-B21
2476065,EM886AA
2739239,CAO3020W7P015-SFF
2739236,LAT6440I7H_S850SW7P
2783526,K97008ES
2739004,LAT3440I5H_S450BW7PDSS
SA729MSR07_,269-16155
2789042,HDTC7104K16-BDL
2769958,V11H599021
2733044,"20C5A0EC00 "
2733093,20C5A03LCS
2739237,LAT7240I7H_S8256SW7PD
2636475,20BQ0015CL
2563497,20AMS1U313
2759010,"20C3A008CL "
2560746,4X10A06700
2559915,40A00090US
1966688,0A65620
2734941,C9E49AA
2574708,5047HC2
2563499,60B0HAR1US
1966695,0A65718
1517758,78Y2370
2325431,0A33970
2116301,0B47048
1966681,0A36309
1860173,55Y9317
1023118,43N3412
1007227,43R9254
2511323,0C52862
2568606,40A10065US
2563227,0B47465
2641882,4X10A06086
2489933,0C52864
2723809,57323308
2733088,10B7003QCS
2733089,10B7A128CS
2733090,10B7A14DCB
2748343,10B7A12ACS
2748344,10B7A14CCB
2639122,10AE001DCS
2637476,10B7A0SQCS
2515682,4X90E51405
1033999,57Y4393
1990084,0B47090
2764130,HDTQ112XCWF1
2797133,9706B002
2557202,26970
2687799,"K60049USAF   25607 - K60049"
2797132,0620B035
2780220,MGEM2CI/A
2739241,OPT9020SFI7G_S850W7PD
2780221,MGEN2CI/A
2767573,95-000-KA5003
2780222,MGEQ2CI/A
2739240,OPT3030AIOI3_S450W7PDSS
2821509,"VPN I3442_I341TBUS_5"
2797131,80FY00AECL
2821526,K72444
2790227,C11CC27304
2757972,ZBOXNANO-ID69-PLUS-U
2787621,ZBOX-ID91-PLUS-U
2748364,OPT7010SFI7_S450W7PD
2797034,MFC-L8850DW
2564560,HL1112
2742161,J5P73LA
2736142,80E300GVCL
2736139,59415673
2736140,59418815
2769878,JG936A
2335008,J9776A
2335002,J9773A
2681556,P2414H.
2586829,ADS-1000W
2500949,A2W75A
2556220,CZ245A
2583174,CF387A
2706518,24T7578
2736847,J7X28A
2736848,B3G85A
2737511,CF456A
2354191,NBRK0570
1074655,AP9324
1022749,NBES0308
1234107,AP5719
2558969,22Z0035
2739213,GMF-00398
2739214,GMF-00403
2739225,GMF-00408
2774091,GMF-00413
2569038,T653500
2569040,T653700
2569039,T653600
2569041,T653800
2569042,T653900
1712398,C950X2CG
2569044,T653B00
1442787,CE314A
1712401,C950X2YG
2569036,T653300
2515873,CF353A
1189688,CB334AL
2515871,CF351A
2370377,80C8SK0
2569032,T619000
2569037,T653400
2569035,T653200
1587990,3631B001
2398103,T596900
2398101,T596600
2398100,T596500
2774080,9543B001
2344441,6471B002
2774082,9545B001
2770630,K6N63LT
2770631,K6N72LT
2739003,ID3043_PDC450BW8BS_5
2560684,P2314H
2769957,13801042
2775780,TZE-161
2513832,59403298
2709511,59415215
2515543,888015261
2797123,TN319BK
2797126,TN319Y
2569034,T653100
2797125,TN319M
2398102,T596700
2709510,57330592
2709509,57328004
2709257,57316584
2686003,59415250
2485577,E2B70LA
2757921,F4J23LA
2757922,F4J36LA
2827087,MGGQ2CI/A
2827088,MGGX2CI/A
2838694,C11CA56204
2575445,CF330X
2569033,T619100
2797124,TN319C
2797119,TN316BK
2797120,TN316C
2797122,TN316Y
2797121,TN316M
2759025,F4J01LA
2690235,F3H87AA
2677753,F4H86LA
2774090,F3J00AA
2635750,F3J00AA
2700530,F4H29LA
2779905,G3R28AA
2712533,F4H96LA
2757969,J8V56LA
2736149,F4J29LA
2609936,H6X42AA
2780866,F4H80LA
2779402,F4H97LA
2736147,F4H49LA
2689234,F4G80LA
2757962,E3T79LT
2789011,F3H95AA
2748366,10BD00FCCS
2748365,10BD004DCS
2779415,13782269
BC393A,BC393A
2781565,MD792CI/B
2769948,59413339
2769947,59407804
2153305,CP-3905-PWR-NA=
1789620,WS-C4948E-F-E
2331033,AIR-SAP2602E-A-K9
2439395,WS-C2960+48PST-L
2070291,SFP-10G-SR-X=
2154446,JAB9-DSK-K9-UPG=
2445007,WS-C2960X-24TS-L
2439396,WS-C2960+48PST-S
1744594,WS-C3560C-8PC-S
1035425,PVDM3-32=
2789039,MA-INJ-4-US
1002388,AIR-PWRINJ4=
2408048,PA100-NA
2839183,GH24NSCO-BULK
2783508,89-206-EZ8142
2767571,89-206-KD5100
2783507,89-206-EY4100
2767572,89-206-KE2100
2741573,P2214HB
2515870,CF350A
2515872,CF352A
2764154,9365B001
2764153,8676B001
1590860,CAB-5-M120HYD-5=
1036838,CISCO1941/K9
1001662,VWIC2-2MFT-T1/E1=
1001125,CAB-STACK-50CM=
2069302,UCSC-PSU-650W=
2740815,CF485A
2636718,4X40E77324
2641876,0B47455
2827429,K4L69LT
2827431,K4L88LT
2827430,K4L76LT
1931827,81Y4481
2779886,6293B005
2779887,6849B006
2827089,MGKL2CI/A
2827090,MGL12CI/A
2769877,JG932A
2827086,MF886CI/A
2834864,PR320_1.1.2
2843912,6U934
2665749,9706B003
2764159,ZT-90101-10P
2844329,SNPRKR5JC/8G
1233872,LT300CL
1707118,TZE-334
1677398,DR-310CL
2787457,F3H98AA
2826570,ZBOXNANO-ID68-PLUS-U
2783524,ZBOX-PI320-W2
2665391,ZBOX-IQ01-PLUS-U
1540302,TZE-641
1940322,TZE-261
1540299,TZE-131
1540300,TZE-232
1540301,TZE-631
1948290,TZE-545
1679930,TZE-355
1677399,TZ-B41
1677400,TZE-121
1678077,TZE-141
1252118,TZ-CL4
077-06378,077-06378
2775590,J2M22LT
1035059,CISCO2921/K9
2770629,K1L40LT
2770633,K6P77LT
2827428,J5P75LT
1502257,WT-300CL
2797117,TN311M
2797116,TN311C
2797115,TN311BK
2797118,TN311Y
2738115,752689-B21
1546502,TZE-251
2388722,TZE-S241
1686093,TZFX-261
2738062,726719-B21
2787951,K6P76LT
2734592,MAV15LMB3RAA
2734606,TPM15LMB3RAA
2734594,MIS15LST3RAA
2734593,MAV15LPM1RHA
2774078,2764V897
2731861,40A20170US
2769880,B11B225201
1042359,108R00662
2834827,PSKQ8P-00GLM1
2839188,ZT-90202-10P
2783506,89-206-EU4300
2767874,MFCL2740DW
2826569,ZBOX-CI540NANO-P-U
2826568,ZBOX-CA320NANO-P-U
2850012,K4L73LT
2849152,334774S
2373562,J9727A
2700505,BX80646I34160
2738124,755384-B21
2758662,MFCL2700DW
2841265,DCPL2540DW
2690207,SRT6KXLI
2841269,460-BBLR
2839628,U7Z-00048
2839627,U7Z-00038
1692160,TZE-651
1967411,TZE-344
2856615,T619300
2783527,4479A300
2851803,TN2370
2851802,TN2340
2859402,J2M88LA
2787950,K6N71LT
2859403,J5U10AA
2738118,755262-B21
2859916,2427633_2683938
1061841,AP5260
1551475,DK-1240
1221708,TZ-661
2686056,LC509BK
2834856,L344I5HS450W7P3W
2834858,L744I7HS825W7P3W
2843903,MD794CI/B
2738052,726658-B21
2842919,T5846
2860493,PR320
2827008,765822-001
2738119,755263-B21
1166101,JE006A
2361343,J9731A
1165800,JD362A
2373563,J9728A
2489222,JG538A
2489223,JG539A
1848859,J9694A
2357368,J9427C
2734053,737261-B21
2734129,759208-B21
2531920,729552-B21
2797102,"K7T3V / 332-1842"
2797101,F5W83/460-BBMU
2851801,DR2340
1789159,TZS-135
2335005,J9775A
2437205,J9779A
2490295,WD4003FZEX
2844328,29MT45A
2858662,V11H601021
2780846,BE325
2738103,733925-B21
2738061,726718-B21
1000238,AP9559
2575448,CF333A
2575447,CF332A
2575450,CF380X
2849066,59405179
2834859,O302MCI3S450W7P3W
2834862,O902MCI7S850W7P3W
2849065,59403384
2834860,O302MCI5S450W7P3W
2834861,O303AIOI5S45W7P3W
2738217,778454-B21
2738204,769503-B21
2827007,765820-001
2859404,ZT-71113-20L
2838699,K1L39LT
2771027,250-FB221-002EB
2849988,MGHX2CI/A
1165902,JE009A
1165901,JE005A
2859401,WDBLGT0120KBK-NESN
2849627,9622B003
1000292,AP7850
2575446,CF331A
2575453,CF383A
2863534,S015337
2863537,T048120-AL
2863542,T048620-AL
2863541,T048520-AL
2863540,T048420-AL
2863538,T048220-AL
2863539,T048320-AL
2863997,T007201-AL
2575349,10BD001UCB
2834875,SMO3030W7P005-AIO
2109747,701498-B21
2734130,759210-B21
2859910,ZT-90301-10M
2841267,HLL2360DW
2841266,HLL2320D
2782792,35S0164
2570915,WN7-00631
2742116,077-06378
2646232,P73-06465
2827475,164-06997
2575451,CF381A
2863535,T008201-AL
2843904,O302SFI5S850W7P3W1
2825994,00MJ095
2481969,00D5040
2707990,DTM30R/16GB
2868764,20M37A-B.AWH
2868766,22MP57HQ-P.AWH
2868768,23MP57HQ-P.AWH
2875782,701605-DN1
1820472,K39397WW
2797033,LT-320CL
2135071,K39615WW
2370381,80C8SY0
2370379,80C8SM0
1051312,X850H22G
2428452,T642900
2428446,T642100
2428447,T642400
2428448,T642500
2428451,T642800
2428450,T642700
2428449,T642600
2834863,O902SFI7GS850W7P3W
2838701,K6P08LT
2879020,DELL-XM-BPE15
2841268,332-2270
2876377,MGYN2CI/A
2609052,DWA-123
2442064,DNS-327L
2852019,P2214H
2738000,719049-B21
2863102,HL-1212W
2462868,K97103WW
2575452,CF382A
2361405,J9733A
2771044,JG924A
2334999,J9772A
2771057,JG927A
2771056,JG926A
2771055,JG925A
2779737,WD50PURX
2779738,WD60PURX
2713569,WD60EFRX
2713568,WD50EFRX
2864441,WDBVKW0000NCH-NESN
2764768,HDTC7104K16-BDL
2861532,PSKTGU-01UNB2
2841925,PSCMAU-003NB1
2886273,GTA0N.AVAA10B
2764147,HDTB107XK3AA
2852004,HDTB310XK3AA
2852035,HDTB320XK3CA
2726241,PFU016U-1ACW
2726242,PFU032U-1ACW
2726240,PFU008U-1ACW
2849628,9623B003
2868234,V11H619020
2738017,720478-B21
2438938,KTD-L3CL/8G
2075603,KTH9600C/8G
2736865,E3E03A
2681558,E3E02A
2868213,SCT5270SR
2682319,CZ249A
2773331,JG937A
2876392,ID3043_CEL450BW8BS_5
2888261,GH24NSC0.AVAA10B
2882948,C11CE31303
2713939,HL-L8350CDW
2701378,MFC-L8850CDW
2797032,DR311CL
2625035,E2D14AV
2856909,K6N62LT
2884892,34UM95-P.AWH
2738144,763235-B21
2796736,694744598
2880535,59427836
2742823,LU28D590DS/ZS
2769879,B11B221201
2887330,V12H675020
2574165,BX80646G3240
2863985,C11CE24303
2700545,B5L05A
2636767,JG640A
2864310,C2P26AL
2864308,C2P24AL
2864307,C2P23AL
2880461,K4L71LT
1166100,JE008A
2866201,PH3500U-1I72
2866197,PH2100U-1I54
2866200,PH3400U-1I72
2866196,PH2050U-1I54
2866199,PH3300U-1I72
2866198,PH3200U-1I72
2702823,64G0H00
2739249,C11CA61001
2677847,CR649C
1474566,008R12898
2443401,006R01551
2724137,106R02732
2669659,9424A003
2885709,702207478
2873392,803420-005
2738038,726537-B21
2896884,LS24D300HS/ZS
2895603,LS22E310HY/ZS
2866182,PROYECTORM115/NA
2902291,HL-1202
2860430,00AD085
2360322,SV300S37A/240G
2868765,22M37A-B.AWH
2518744,L2725B
2882947,C11CC87303
2111771,BX800CI
2902599,26706
2902298,TZE-S135
2841924,PSCLWU-00WNB1
2877236,PT251U-00QNB1
2841926,PSCMNU-01SNB1
2868745,699448415
2903268,ADS2000E
2895796,MFC-J5620DW
2901723,SCT7270SR
2895795,MFC-J4420DW
2886642,I7347_I5T450SW8S_5
2322533,SV300S37A/120G
2712807,SV310S37A/960G
1000520,AP7723
1234115,AP8958
2881913,ZBOX-MN321-P-U
2796518,689199474
2724868,682850266
1000239,AP9877
1000266,AP9875
2342708,LC-4WRN9
2880537,59435536
2901317,MF839CI/A
2901319,MF841CI/A
2685471,SHFS37A/120G
2685472,SHFS37A/240G
2864382,33338085
2901318,MF840CI/A
2901322,MJVG2CI/A
2908405,MGJ02CI/A
2890991,80FA0003CL
1903362,652757-B21
1903361,652753-B21
2895785,DCP-1617NW
2468632,FQC-07355
2468707,WN7-00943
2895793,LC207BK
2895794,LC209BK
2864309,C2P25AL
2895787,LC203C
2148362,CF214A
2895792,LC205Y
2895786,LC203BK
2895791,LC205M
2903143,TZE-135
2895790,LC205C
2895789,LC203Y
2895788,LC203M
2901320,MGWL2CI/A
2485492_peta,BE14NU40_
2464766,342-0773
2797100,D1GRC/331-3754
2360531,KTD-L3BS/4G
2901874,59436772
2901782,698795151
2901781,698795023
2901323,MJVM2CI/A
2901321,MJVE2CI/A
2881891,WDBLGT0160KBK-NESN
2402224,H5M71A
2892090,MD795CI/B
2880536,59431092
2890902,L345I5BS450W7P1W
2890903,L525I5BS450W7P3W
2824839,20B7A1HNCL
2880538,80FY008VCL
2901324,MJVP2CI/A
2914604,MD786CI/B
2373561,J9726A
2437194,J9778A
1988769,JD095C
1151355,J8996A
2913884,J9715A
2913925,JG687A
2853055,764632-B21
1792230,QK703A
2891805,B11B205221
2834340,V11H665520
2921352,718359-B21
2700463,BX80646G3250
2921445,744689-B21
2139981,672631-B21
2917444,SCT3270SR
2418307,28D0557
2895754,DCP-1602
2425082,T039020-AL
2707320,T606500
2707315,T603300
2489920,CF312A
2707318,T606300
2707316,T606100
2707317,T606200
2706521,T603B00
2706520,S042004
2904150,O902MCI5S450W7P3W
2880463,57330590
2891718,10BD00MYCS
2904705,L4B20LA
2891790,E2D14AV
2901721,697897073
2880464,57330604
2586565,HSE221
2583051,HSE231
2890904,L725I7BS825W73W
2908437,704007759
1852299,J9719A
2368922,115R00077
2741047,T580A00
2891724,20CL0003CL
2891721,20BU000VCL
2891723,20CL0001CL
2891825,20CL001JCL
2891720,20BU000TCL
2824835,20AMA3M9CL
2922034,PT545M-07VTM2
1165805,JD374A
2307801,QK733A
2574172,BX80646I54590
2513307,647877-B21
2779889,8482B014
2670966,40A10065IT
2943807,200003933
2575444,CF323A
2723990,CF281A
2484086,CF325X
2707321,T606600
2700901,T606700
2575441,CF320X
2575443,CF322A
2489916,CF302A
2707319,T606400
2700900,T603600
2575440,CF320A
2489324,CF300A
2575442,CF321A
2894975,9779B001
2909011,I3443_I541TBUBS_1
2904373,4HR-00216
2425081,T036120-AL
2425083,T054220-AL
2917089,0107C001
2951972,0111C001
2880462,57327816
5830bk_peta,5830
2904149,L745I5BS450W73W
2699092,312-1178
2739000,718162-B21
2643782,60A6MAR2US
2685803,F2L46A
2687859,B9E24B
2134426,K39687WW
2566495,K39715
2566454,26574
2590229,MP-2700BQ
1456752,008R12897
2953821,008R13026
1071029,008R12941
2953825,106R02773
2536172,2827M
2514090,TC146
2701193,681367793
2879349,726537-B21
2921448,755384-B21
2953822,8468B008
2489915,CF301A
2912580,6391B009
2912577,6388B009
2489917,CF303A
2912579,6390B009
2912575,6386B009
2912578,6389B009
2959123,2864V663
2636476,Z0NP0003B
2563490,MD778E/A
2323343,MD773E/A
2563489,MD775E/A
2341041,MD464BE/A
2539648,888016080
2951971,0109C001
2959367,2825V925
2894951,0134C001
2917422,400-ADYQ
2917418,15674137
2917423,430-0801
2903267,L4B19LT
2921474,L4A39LT
2921475,L4A97LA
2921480,L4B22LT
2880540,80KY000JCL
2868248,JG997A
2902151,BX80646I34170
2955980,C11CE54303
2955981,C11CE56303
2504401,QD2430-BKK1S
2649639,T606900
2706522,T603C00
2564850,T636B00
2564849,T636A00
2891827,F0AY001HCB
2891719,10BD00N2CS
2891826,F0AY001FCL
2917438,15674028
2917421,342-0143
tn-315c_peta,TN-315C_
2769876,JG653A
2437208,J9782A
1592661,J9663A
2489224,JG540A
2943812,HDTB320XK3CA
2943811,HDTB310XK3AA
2748345,655710-B21
2951139,HDTB307XK3AA
2958289,MJLQ2CI/A
2518845,ME814CI/A
1165757,J9561A
2921449,759210-B21
2962644,LS24E310HL/ZS
2962643,LS22E310HY/ZS
2962642,LS19E310HY/ZS
2552906,708641-B21
2892234,SRC1000I
2371949,CN595A
2724351,K64675
1189897,K64332A
2954756,60S-LUQ-C111XE
2838815,C12C890501
2961856,250-FB221-102EB
2958288,MF885CI/A
2835758,59434733
2921354,736968-001
2921447,755263-B21
2921451,765822-001
2917436,15670822
2917437,15671739
2921477,L4B13LT
2921481,L8D25LT
2951042,J5N44LA
2953138,K4M06LT
2921482,M5G93LT
2955300,J5P01LA
2878989,J6T92AW
2868763,16M37A
2868769,24MT47A-PM.AWH
2918063,47LS33A-5B
2918044,42LS35A-5B
2683552,G1X85A
2910131,FN47P/492-BBMJ
2770632,K6P73LT
2964280,95-779-NA5001
2868261,K6P06LT
2915755,E8X86AV
2915734,E2D14AV
2920713,784582-B21
2868767,22MT47A
2921350,709493-B21
2891763,E6B69A
2647658_peta,WDBCTL0020HWT-NESN_
2863463,759208-B21
2895805,J2N39LA
2895772,J2M46LA
2865304,F4H71LA
2734133,765424-B21
2493755,SV300S37A/480G
2958291,V11H672020
2960768,ZT-90501-10P
2853039,720478-B21
2360441,KTH-X3BS/4G
2027805,KTT-S3CS/4G
2438937,KTD-L3CL/4G
2964084,C11CC83303
2700547,C2S11A
2477365,115R00085
2772893,101R00474
2953826,106R02782
2953802,106R02753
2953801,106R02752
2953804,106R02755
2953803,106R02754
2885277,F4H74LA
2865338,J5U50AA
2975579,95-779-NA5008
2885281,J5U26AA
2865339,K5G33AA
2859874,J5U07AA
2865337,J5U03AA
2637872,E3T81LT
2953493,7MM-00001
GMF-00403_peta,GMF-00376_
1592485,J9661A
2959989,DGS-1510-28X
2959988,DES-3200-28P
2959987,DES-3200-28
2609051,DIR-610N+
2959986,DAP-1665
2979825,429-AAKZ
2978674,LH55UEDPLGC/ZA
2978692,LH40DBDPLGA/ZA
2978693,LH48DBDPLGA/ZA
2978672,LH55DBEPLGA/GO
2980759,47LS55A-5B
2980456,42LS33A-5B
2980760,MP500-BEBF
2572952,A7F64A
2894954,6228B004
2891866,E6B72A
2782807,B3M73A
1049139,33-324-200
2916385,80DW002ACL
2916324,59439164
2916323,59431128
2838776,777424-B21
2956244,812643-001
2480186,PA3916U-1PRP
2959360,I7348_I5T850SW8S
2959363,X9343_I7T825SW8PS
2959990,DGS-3120-48PC-SI
2713079,WD50EZRX
2713080,WD60EZRX
2713565,WD2001FFSX
2504816,DTIG4/8GB
2964255,DTSE8/128GB
2964258,DTSE8/64GB
2964256,DTSE8/16GB
2964259,DTSE8/8GB
2964257,DTSE8/32GB
1823551,SD10V/8GB
2504812,DTIG4/128GB
2700498,BX80648I75820K
2940376,784580-B21
2917424,A7134886
2838714,726717-B21
2839083,A6996808
2956239,728629-B21
2489922,CF358A
2891830,T042420-AL
1915894,18C0035
1063024,18C0034
1050716,C5340CX
1050773,C5340YX
2627444,T042220-AL
1050743,C5340MX
2958287,K1L83LT
2952698,L4A72LT
2952697,L4A71LT
2959362,ID3043_PDC450BW8S
2940529,80MH000CCL
2956240,776275-001
1948289,TZE-145
2586542,HSE211
2979033,M8X88LT
2979032,L8E82LT
2409399,DGS-1100-08P
2653626,DAP-2660
2987680,LH55DMEPLGA/GO
2954281,LS19D300HY/ZS
2994723,2444845-2978492
1845367,RBC33
2835599,SRTRK2
2959359,L745I7BS825W7P3W
2959361,ID3043_Cel450BW8s
2921349,704559-001
2480186_peta,PA3916U-1PRP_
2956243,793669-B21
2976855,O303AIOI3S45W7P1W
2890880,J5U23AA
2908407,J5U10AA
2949069,80EQ006LLM
2902279,20AMS1RR0M
2948943,20AU0033CL
2890989,80EQ0087CL
2902277,20AMS06D1K
2949066,59436038
2949065,59428169
2962123,GP65NW60
2977313,WDBBKD0030BBK-NESN
2977645,WDBFJK0020HBK-NESN
2977314,WDBCTL0060HWT-NESN
2962121,29UM67-P.AWH
2868770,27MP67HQ-P.AWH
2962120,28MT47B-PM
2922042,90B9004PCB
2781474,10B7A129CS
2922040,10BD00N0CB
2889002,10B7A1GUCB
2922043,90B9004VCB
2922041,90B9004MCL
2864449,10BD00N1CB
2901316,10BD00MWCS
2864448,10AXA1WQCS
2976822,L725I7BS825W7P3W
2953139,L4A40LT
2964228,M5G72LT
2489918,CF310A
2489919,CF311A
2895453,J2N27LA
2895438,F4H59LA
2895774,J2N28LA
2887032,K8N44LA
2749604,J4Y21AA
2853037,G4U87LA
1794929,JG237A
2987318,SCT5270DR
2986978,E3E02A
2891759,B5L25A
1048692,X340A11G
1054925,C540A1CG
1057271,E260X22G
2489921,CF313A
2742164,J8V58LT
2736148,F4J00LA
2922039,G3R63AA
2894964,G3R63AA
2920972,IO3048_I3T81TBW8S_5
2860486,J5U16AA
2997866,95-779-NA5002
2886164,J5U33AA
DCP-1602_peta,DCP-1602_
2949026,M5H09LA
1592839,J9662A
1795020,J9626A
2956242,793665-B21
2999168,WMN-55VD/ZA
2980457,L2733A
2962641,00FF239
2575449,CF380A
2723991,CF281X
2976824,O302MCI3S450W7P1W
2976856,O903AIOI7S81TW7P3W
2962147,K8N45LA
2959358,L735CMS825W8P3W
2987822,ZBOX-CI321NANO-P-U
2987823,ZBOX-CI321NANO-U-W2A
2987702,ZBOX-BI320-U-W2A
2958290,MJLT2CI/A
2976869,JL184A
2976871,JL188A
2343709,652611-B21
3002590,43LX310C
3002591,47LV35A-5B
2999702,K62605CL
2999701,K62604CL
1202756,808101-005
2489925,CF365A
2940044,JG960A
2734126,737394-B21
2953151,LS19E310HY/ZS
3005248,3020V_BIC
2987824,ZBOX-MA760-U
2953152,LS24E310HL/ZS
2964083,K6R19LT
2920651,M5G73LT
2999150,M8X91LT
2999149,L4H91AW
2748737,DS4308-SR7U2100SGW
2344326,BX80637G1620
2574143,BX80646G1840
3004723,B0Z61AV
2986973,O302SFI5S850W7P1W
2958292,707851649
1864379,VA2703-LED
2725595,VX2858SML
2358159,VX2703MH-LED
3014094,VA2409
2769025,VA2855SMH
3014105,VA2746M-LED
2444848,PJD7333
2547433,PJD5533W
2948573,PJD5255
3014093,PJD6350
3014428,24MT47D-PM.AWH
2988884,DCPT500W
2988883,DCPT300
3010208,SL-SCF4500/SEE
2489923,CF359A
2489924,CF364A
2996161,710550804
3017880,LH40DBEPLGA/GO
3017883,LH75DMDPLGA/ZA
3018093,43SE3B-B
2995188,WC5875C_FE
3012176,MJ1L2AM/A
2824840,20BHA0N6CL
2868251,20EG000BCL
2948352,20BU0002CL
2949056,20EG000ACL
3018075,SM-T560NZKACHO
1832776,AP-PSBIAS-7161-WW
2563444,E7W47A
2903788,781516-B21
2948571,PJD5155
3020384,49LF5900
2994728,55LF6500
2725396,SN-208FB/DEMHF
2917441,370-ABWK
2917439,319-1588
2917440,319-2172
2821527,9500B005
2741572,0MN008
1023282,55Y9258
2584905,40A20135IT
1008845,73P5220
2912576,6387B009
2910133,6384B009
2910134,6385B009
2951973,0114C001
2917442,400-ACQK
1990083,0B47089
3005795,6W6M1
3014424,G6H47AA
3014423,G6H45AA
3014422,G6H44AA
2995159,G6H42AA
2995160,G6H43AA
2734131,759212-B21
2916356,785067-B21
2994765,320-9774
2738128,755392-B21
2988885,DCPT700W
2309093,MB829AM/A
3007427,ML-2452-VMM5M3-N72
2986971,L345I5BS450W7P3W
2400687,MD823ZM/A
2976821,L545I7BS850W7P3W
2789013,20A8A054CL
3001228,16683767
3001229,16683839
3009164,DGS-3120-24SC-SI
2877732,JG928A
2903790,785069-B21
2781159,400-AEFJ
2781123,370-ABUN
3013372,SL-M2020W/XBH
2891809,B3Q11A
2999703,K62606CL
3001266,JWD-00046
3002825,BT6001BK
3002592,BT5001C
3010219,MLT-D203E/XAA
3002594,BT5001Y
3002593,BT5001M
2889003,10B7A1GVCS
2980822,16885919
3001231,16884940
3001234,338-BGLB
3001232,17645924
3001233,17649968
1737362,TZE661
3029230,EUTB-I787W
2995180,H4F03AA
2995161,H2C22AA
2703810,46W0704
3029288,0S03799
2891856,00AD075
3029280,H81M-DS2
3029277,B85M-DS3H
3029281,H81M-H-R
3029278,H61M-DS2
3029282,X99-GAMINGG1WIFI
3029279,H61M-S1
3017730,LV290AA
3009603,MLT-D303E/XAA
2948719,MLT-R303/SEE
2533359,716191-B21
3029816,LJDS75-32GABNL
1789871,ST3000DM001
3029103,ST1000DM003P
3029795,ST500DM002PE2
3029818,LJDV30-16GABNL
3029104,ST2000DM001P
3029815,LJDS75-16GABNL
3029101,ELT4311
2568603,ST500LM021
2023561,ST500LT012
2464811,ST2000DX001
3029819,LJDV30-8GBABNL
2464810,ST1000DX001
3029822,LSDMI32GBBNL633R
3029821,LSDMI16GBBNL300A
3029114,LJDM10-64GBBNL
1512623,N210-MD1G/D3
2367457,N610GT-MD2GD3/LP
3029299,MLC-HP
3029298,ML-MINI-HDMI
3029297,ML-HDMI-HDMI
3029295,6810BK
3029316,GTX980GAMING4G
3029317,H61M-P31W8
3029318,H81M-E33
3029329,Z97AGAMING7
3029319,H81M-P32L
3029292,970ASLIKRAITEDTN
3029327,R9290XGAMING8G
3029322,N740-2GD3
3029324,N750TITF2GD5/OC
3029293,A68HM-E33V2
3029328,X99AGAMING9ACK
3029291,970A-G46-
3029326,R9285GAMING2G
3029323,N750TF2GD5/OC
3012139,W5325V_SW
3012127,3655V_XC
3010205,SL-DSK001S/SEE
1208492,97-091
1063386,W850H21G
2575166,CLT-K809S/ELS
1063411,W850H22G
2741611,106R02741
2575168,CLT-M809S/ELS
2575172,CLT-Y809S/ELS
3029294,AP1622-216SP
3017878,K9Y70LT
3010143,K9Y75LT
1930758,DGS-1210-28
2336355,DGS-3120-24PC-SI
2951079,765464-B21
3029817,LJDV20-8GBABNL3
1234187,BR1200GI
2575165,CLT-C809S/ELS
2575174,MLT-K606S/ELS
3010215,CLX-PFP000/SEE
2986972,L745I5BS450W7P3W
2995178,G1K48AA
2408206,WD10JPVX
3017541,WD5000LPCX
2979062,781518-B21
3022679,CT1000MX200SSD1
3018546,ZTSSD-A4P-120G
3028419,B11B231201
3011832,V11H506020
3027803,V11H690020
3010141,ZT-90602-10M
2894790,CT500MX200SSD1
1093700,CT25664AC667
1094114,CT25664AA800
2439576,CT102464BA160B
2953767,CT120BX100SSD1
2921039,CT25664BA160B
3022680,CT25664BF160B
2740834,CT51264BA160B
2365816,KVR16N11S8H/4
2995184,C11CD82303
3020978,C11CE53303
2841947,AP9570
1255808,EPW9
3030260,T5D-02294
3030261,W6F-00634
3030259,GZA-00649
3030258,79G-04351
2629472,1250G-2USB-1
3009371,OB131125C6011131
3009372,ST6088
1468860,108R00823
2713120,G5R30LT
3028423,ZBOX-MI542NANO-P-U
3028422,ZBOX-MI522NANO-P-U
2994983,PSCPAU-00HNB2
2994982,PSCP7U-004NB1
2995135,PSCPJU-00KNB1
2994984,PSCPBU-002NB1
2431778,717969-B21
3051415,55LV35A-5B
2954753,784603-B21
1009158,CT25664AC800
3010206,SL-M4072FD/XBH
2995186,7845V_T
2995144,6655V_XC
3012730,WC5955C_FE
2309149,MD825ZM/A
3014278,U7Z-00055
2575169,CLT-R809/SEE
2948721,MLT-R358/SEE
3009604,MLT-D358S/XAA
2492012,8595B005
3012150,20BU000RCL
3012146,20AM009TCL
3012151,20BU000SCL
3012104,10BD007PCB
3010246,K9Y79LT
3012155,90B9004HCL
2958144,80HV0061CL
3017213,H2C21AA
3012103,10BBA0LKCS
3012102,10B7A1MPCB
3027918,STDE8000100
3048999,V11H694020
1009150,CT25664AA667
3012729,8580_DNC
3030267,F5S29A
2995200,6700V_DNC
2995141,3225V_DNIH
2995199,6600V_DNC
2995142,3325V_DNIC
2995195,3260V_DNIH
3050520,3655V_XC
1000324,AP7553
2373058,497K09960
3018888,BKL
2670538,40A20090US
3017725,L6V64AA
3017726,L6V68AA
3017629,F4F30AA
3017729,L8J89AA
3017728,L8J88AA
3017727,L6V69AA
2888304,CF360A
2888313,CF363A
2888307,CF361A
2888310,CF362A
3012662,P5U83LT
3012148,20AMA2KYCL
2988839,K6P83LT
3012100,10AFA016CS
3002723,P0D38LT
2988841,L9F17LT
2988840,L9F16LT
2850244,BOXNUC5I3RYK
3001248,706742202
3001250,712017028
2903750,BOXSTCK1A32WFC
2902147,BOXNUC5I7RYH
2860453,BOXNUC5I5RYK
3050847,9538B004
3050845,0014C005
3012132,6605V_DNC
3049009,T5D-02294
2575457,D8J10A
2975281,013R00669
1990561_peta,KTL-TP3C/4G_
2978491,I3443_I541TBUBS
3010144,K9Y76LT
3010245,K9Y78LT
3074325,P3D81LT
3071001,P3D68LT
3074326,T3L19LT
3071002,P3D78LT
3049467,P3D76LT
2950143,M6H26AA
3074327,T3L49LT
2950175,M8Y45AA
3049466,P3D71LA
3049703,P3D67LT
3049465,P2C74LA
2950137,K5G09AA
2518847,ME824CI/A
2997882,K4K70LT
3023031,59444650
3021075,SM-T561MZKACHO
1165821,JD360B
2361407,J9735A
2711199,00AJ071
1165799,JD366A
2711201,00AJ086
2711207,00AJ126
1166182,JD363B
2711211,00AJ146
2771040,JG920A
2868303,DIR-890L
1930760,DGS-1210-52
1821437,DSR-250N
2353326,DWA-548
2428993,DIR-850L
3049202,DIR-809
3053133,WH16NS40
2962122,GP65NB60
2859672,00NA241
2965171,765466-B21
3078421,WDBUZG0010BBK-NESN
3069148,LSDMI16GBB1NL300A
2903775,765253-B21
3029823,LSDMI64GBBNL633R
2795164,00KA094
3078422,WDBUZG5000ABK-NESN
3069149,LSDMI8GBABNLC10A
2670642,00AJ096
3074968,WDBBKD0020BBK-NESN
2489834,739888-B21
3048977,CT250MX200SSD6
2642178,SMS200S3/240G
2637844,00AJ081
2410564,B11B204121
3075293,B11B234201
3029827,V11H382120
3029888,PT-VW345NZU
3029872,PT-LB280U
3029885,PT-LW330U
3029889,PT-VX415NZU
3029874,PT-LW280U
3029887,PT-VW340ZU
3047401,"GTX 960 GAMING 4G"
3047403,N730-2GD3
3047364,N720-2GD3LP
3047897,"R9 380 GAMING 4G"
3047896,"R9 380 GAMING 2G"
3071632,N730-2GD3V3
3053836,PH300.AWH
3053837,PV150G.AWH
2781045,00KA067
2781046,00KA068
2781014,00FK642
2965111,K2R81A
2894796,CT250MX200SSD1
3029300,S607BK
3048252,6810BK
3048253,S607BK
3093641,5852A
3055521,K7T3V/332-1842
2438940,KTH-X3CL/8G
2683777,SM2280S3/120G
1113084,CT25664AC800
2870453,46W0792
2762747,46W0796
2868537,CT51264BF160B
2412521,SMS200S3/120G
3047360,"B85-G43 GAMING"
3029315,GTX960GAMING2G
3047876,89-206-KI1100
3047361,B85M-E45
3029836,70A69000LA
3029284,5457ECU
3047362,"GTX 970 GAMING 4G"
3029839,70B89001LA
2781044,00KA066
3047887,"Z97A GAMING 6"
3029838,70B89000LA
3029837,70A69002LA
2850312,C11C558011
2995201,8880_DNC
3030266,F5S21A
3075763,A7F65A
2995197,3610V_DNC
2995143,3615V_DNC
3005363,7835V_T
3010229,SCX-8240NA/SEE
2995187,W5330V_TW
3010207,SL-M4580FX/XBH
3010241,SL-M5370LX/XBH
2502712,CF367A
2485146,CZ245A
3030449,C5F94A
3012133,7800V_DNC
3009466,7855V_T
3040586,F6W15A
3012135,7830V_A
2309248,CC522A
2397076,A8P79A
3023117,3610_DN
2135140,6600V_DN
1850209,KVM2132P
1559328,SYPM10K16H
1214532,SMT2200I
2024193,BC393A
3071876,85619-02
3071875,85618-02
3071878,88860-01
1530532,CE737A
1070733,097S03677
1919200,097S04383
3021040,CLT-C659S/XAA
3021065,CLT-Y659S/XAA
2581559,B5L07A
3029869,CF-VZSU48U
3030276,"H5G60 / 470-ABHH"
3022661,7N5-00001
3022705,PN7-00021
3022664,PN7-00011
3022663,PN7-00001
3022662,7N9-00004
3013363,K72400
2707163,6500-HB
2895586,99EXL03-0C212SE
1522844,CRD9000-111SES
2740277,HOLSTER-1
3049879,HR1050-70
1672882,MLT-R309/SEE
2575454,D8J07A
2575455,D8J08A
1230994,CE264X
2575456,D8J09A
3012099,CLT-K659S/XAA
3010222,MLT-D309E/XAA
3053745,9060B001
3053746,9065B001
3053749,9209B001
3010243,SL-SCF5300/SEE
3053623,0441C001
3053747,9187B001
3053750,9210B001
3010236,SL-DSK001T/SEE
2477334,113R00773
3053624,0442C001
2457878,CLT-R659/SEE
3053748,9208B001
2492857,C1N58A
2913929,HSE251
1080675,SCX-D6555A/SEE
2889255,B3M78A
3012165,109R00848
2774079,9126B033
3055522,0020C003
3002724,P0D39LT
3016623,57331845
3027945,O303AIOI5S41W7P3W
3027946,O902SFI7S81TW7P3W
3073827,L345I55BS450W7P3W
3047878,95-794-NB3003
3055579,P5U88LT
3055605,L9F18LT
3047877,95-794-NB3002
3001265,70A40048CB
2997867,7914-AC1
2859613,00D5016
1004141,C2364A
3049204,DKVM-CU3
2342707,LC-4WBQ5
3017536,WD20EZRZ
3075056,WD5000AZLX
3003404,SD10VG2/16GB
3055478,SDC10G2/16GB
3003405,SD10VG2/32GB
2908018,D51264KL110S
2421913,M1G64KL110
2421914,M51264KL110S
2908017,D1G64KL110
3029835,70A39006LA
3016624,57331860
2486036,CT102464BF160B
2999358,A6951103
3018065,SM-T116BYKUCHO
3018568,25UM57
3029333,BP40NB30.AVAR12B
2481080,C33S020580
2982906,59409686
2731786,PJD8653WS
3071879,88861-01
3094030,K72324ES
3066638,G5R07UA
2950141,M1U64AA
3074252,P0D80LA
3051201,J2M66LA
3008730,K8P19LA
3094029,P0E18LA
3049199,PSKWSU-09HNC2
3008732,L9M14LA
2865341,K8N44LA
3049198,PSKWNU-089NC3
2886770,PSKVUU-002NC1
3008734,P0D91LA
3023044,L9M54LA
3023043,L9M22LA
3001256,PSCP6U-01ENC1
2979674,PSCRJU-005NC1
2561598,CM550DX
2725992,CZ172A
3085921,80000572
3085920,1SC-BP50
3085416,T296220-AL
3085415,T296120-AL
3085419,T297120-AL
3085418,T296420-AL
3085417,T296320-AL
3046305,59415250
3002820,K5F94AA
3054290,715144291
1917405,TZE-451
3021044,CLT-Y506L/XAA
2138615,CLP-S680A/SEE
3021042,CLT-M506L/XAA
2609881,K63207CL
3066639,G5R08UA
3012664,MLT-D116S/XAA
3010235,MLT-D203U/XAA
2986500,008R13023
3055586,108R01053
3023125,N4V11AA
2950144,M6H38AA
3071347,MLA22E/A
3071294,MK472CI/A
3071292,MK452CI/A
3071293,MK462CI/A
3071291,MK442CI/A
3053838,PW800G.AWH
3023093,F2A69A
2773330,JG934A
2869969,PJD5555W
3096325,097S04625
3096326,497K14670
3055523,0591C003
2903729,K6R18LT
3029875,PA1000.AWH
3008729,K8P08LA
2960552,20BW000FCL
3008733,P0D90LA
3071906,2936V707
2343694,503296-B21
2702822,54G0W00
2702821,54G0P00
2885282,J5U33AA
3071346,MLA02LZ/A
1818468,JC618A
1020836,J9421A
2903799,801888-B21
3086489,PJD5353LS
2575177,MLT-W606/SEE
2457882,CLT-W659/SEE
3078420,WDBU6Y0020BBK-NESN
3081410,HDTC810XW3A1
3081409,HDTC810XR3A1
3081407,HDTC810XK3A1
3081406,HDTC810XC3A1
3081445,HDTD210XK3E1
3081446,HDTD210XS3E1
3081447,HDWD105XZSTA
3081448,HDWD110XZSTA
3081413,HDTC820XR3C1
3081414,HDTC820XW3C1
3081412,HDTC820XC3C1
3081411,HDTC820XK3C1
3081408,HDTC810XL3A1
3081453,THN-M301R0320U2
3081454,THN-M301R0640U2
3081455,THN-U202W0080U4
3081449,PFM008U-1DAK
3081452,THN-M301R0160U2
3081451,PFM016U-1DAK
3081450,THN-M301R0080U2
2895562,6500-BTEC
3020007,PFU016U-1ACW
2995198,4622V_DNC
2995185,7225V_TW
3012138,B56
3046190,4622V_DNC
3011833,006R01606
3112663,MP500-FDBFP
2738072,726911-B21
3099538,K97213WW
3085406,O302SFI5S81TW7P3W
2647751,DIR-880L
3049203,DIR-859
2342622,QR496A
3098345,TC55AH-GC11EE
3065082,F6V30AL
3065083,F6V31AL
3023079,O903AIOI5S850W7P3W
3094032,718983848
3071522,37852-11
3071523,79730-21
3071524,80935-21
3119927,79182-04
3071885,81960-13
3065078,CZ637AL
3078088,C33S020577
3065079,CZ638AL
3078090,C33S020582
3078089,C33S020581
3078091,C33S020583
3117389,V11H552024
3085988,C11CE61303
2690384,BU320CL
3073191,89-206-EZ3101
3013417,CLT-C504S/XAA
3013420,CLT-Y504S/XAA
3013418,CLT-K504S/XAA
3013419,CLT-M504S/XAA
1011525,CLT-R409/SEE
3081182,80000716
3085407,BP50-B
3117357,SM-T810NZWECHO
1074582,DGS-712
2976872,JL190A
2713177,DWA-582
3077966,C31CD54A9991
2642179,SMS200S3/480G
3055480,SDC10G2/32GB
3047885,"R7 240 2GD3 LP"
3047898,"R9 390X GAMING 8G"
3047400,"GTX 960 2GD5T OC"
2597003,HX318C10FB/4
2597004,HX318C10FB/8
1000323,RBC27
3001172,20BTA0LSCL
2903789,781518-B21
3102494,ZTSSD-A5P-480G-PE
3012137,8900_SC
3122802,87670-04
3021067,CLX-8640ND/XBH
2949094,CLX-DSK20M/SEE
3100620,EF-BT560B
3065080,F6V28AL
3065081,F6V29AL
3102491,ZBOX-CI319NANO-U
3068518,20DC00B0CL
3068519,20DS001JCL
2951777,765455-B21
3112707,ZT-90308-10M
2738071,726907-B21
2748069,AF629A
3115070,W5325V_SW
2949070,80EQ006MLM
3040532,CF394A
2326432,CE390XD
1014454,263474-B24
1584776,263474-B25
1676459,TZE242
2824842,20C0A0H4CS
2909131,20BT000DCL
2960551,20BU0003CL
2949055,20DK003ECL
3099957,WDBNEZ0000NBK-NESN
3099956,WDBBAZ0000NBK-NESN
1859999,KVM0116A
3085987,TRV
3122974,E1A
2584844,40A00065IT
2576338,4X40E77329
2584894,4X40E77328
1857548,0A36188
2501198,CBL-TC55-CHG1-01
2681919,SAC-TC55-2BTYC1
2501221,SG-TC55-BOOT1-01
2501197,BTRY-TC55-44MA1-01
1005501,Q5942X
1005484,Q5945A
1004301,Q2672A
1003425,C9153A
2889004,10B7A1GWCS
3012023,10B7006GCS
3023129,P0E03LA
3092919,80MH0087CL
3017538,WD30EZRZ
1000281,SURT48XLBP
1000529,SURTD3000XLI
1000461,SURTD5000XLI
1189605,C6615DL
1003407,C4811A
1004785,CC364X
1073203,106R01160
1035522,C4871A
1004924,C9421A
1004060,C9471A
1191162,106R01081
1082157,C4823A
1191374,108R00766
1073235,106R01161
2736497,F4H51LA
3122095,KW9-00142
1005908,CE505A
1004262,CB435A
1004023,C9371A
1188625,TN-330
1188646,TN-350
1005768,C5054A
1071455,108R00718
1004044,C9465A
1006626,Q7503A
1004047,C9468A
1004061,C9518A
1082130,C4822A
1191158,106R01080
1191168,115R00038
1004568,CB381A
1191372,108R00764
1191163,108R00647
1072023,106R01220
3028539,SM-T815YZWLCHO
3047402,"GTX 980TI GAMING 6G"
3047359,"970 GAMING"
3021043,CLT-M659S/XAA
3115792,PSKWSU-09HNC2
1000379,SURT6000XLI
2881796,BX1400UI
1189595,C8766WL
1004786,CC364A
1084313,C9383A
1191111,106R01337
1191109,106R01335
1191112,106R01338
1191293,106R01402
1191320,106R01457
2965211,791034-B21
2734604,3310G-4
1009212,BTRY-LS34IAB00-00
2734617,52-52557-3-FR
2921446,752689-B21
2922335,DAP-3662
1190715,5830
1189932,K63200
1004565,CB543A
1096203,C9408A
1191334,115R00062
1073704,DES-1024D
1926926,DPE-101GI
2875534,DAP-3410
2490021,DAP-3310
2713175,DNR-312L
2988353,32LX330C
3115733,CARSKIT1
3115732,CAMATF12
3115734,CAUSB4
3029110,K62595CL
1037406,CE260A
2921476,L4B10LT
3068521,80HR0094CL
3068523,80KX0196CL
3068522,80KX018UCL
3071290,MK142CI/A
3071345,MK482CI/A
1074608,DEM-312GT2
1021818,CE255X
1189596,C9363WL
1189632,CD974AL
1191291,106R01401
1004809,Q3971A
3023127,P0D92LA
3085289,L9L79LA
2950176,K5G11AA
3053444,DGS-1008MP
2859554,PLED-W800
3102492,ZBOX-SN970-P-U
3115759,P3D99LT
3100793,T1B21LT
2981053,L545I5BS450W7P3W
2879019,9KPMG
3068586,20BUA0RSCL
3001170,10BB003XCS
3001171,10BB004VCS
1188610,DR-600
1188642,LC41BK
1188630,DK-4205
3023126,P0D79LA
2995136,PSCPKU-003NB1
3134702,K8P08LA
3134703,P3E11LA
3049163,C3R86LA
3114161,CT480BX200SSD1
3085986,P1B
3119969,WA4070
3092856,46-00525
3121645,T664120-AL
3017539,WD40EZRZ
1189657,L1910A
2690205,SRT5KXLI
1189572,CC641WL
1188596,TN-210BK
1188597,TN-210C
1188598,DR-210CL
2860505,PSKT4U-0LXNB2
3115794,PT45GU-04MNB2
3115793,PSPTSU-00UNC1
3084270,L9F74LT
3085919,C0M84AA
2869970,PJD7822HDL
3084247,"H110M PRO-VH"
3097485,55LF5950
3131719,32LF595B
3022706,U7Z-00062
3096074,WA1210
1191115,013R00647
1191392,006R01182
1191209,006R01219
1191247,013R00624
2888311,CF362X
1191356,008R13064
1191133,113R00608
3117429,W02W7
2875775,E7J14LA
3138982,H2W19AA
3114160,CT240BX200SSD1
1559624,SMT1500RMI2U
1084651,C9448A
1084681,C9449A
1084711,C9450A
1086915,92298A
3084185,F9J80A
3084183,F9J78A
3084181,F9J76A
3084184,F9J79A
1088912,C9721A
3084182,F9J77A
3084173,F9J61A
3084179,F9J67A
3084178,F9J66A
3084176,F9J64A
3084177,F9J65A
3084174,F9J62A
3084180,F9J68A
3084175,F9J63A
3102515,K6P78LT
3115791,HDWJ105XZSTA
3115788,HDWD120XZSTA
3115790,HDWE150XZSTA
3115789,HDWE140XZSTA
2520447,L2683B
2547466,PRO8500
3119920,V11H682020
3139369,V11H687020
3134719,C11CE86303
2773731,99EX-BTEC-1
1021817,CE255A
1186396,C4844A
1005182,CC532A
1189745,C9362WL
1189749,C9385AL
1005861,Q6003A
1189747,C9381A
1189748,C9382A
1036372,C9722A
2431353,B3P22A
2958877,704710649
3117425,998-BQXO
3141957,THN-U202W0320U4
3141956,THN-U202W0160U4
3095680,720478-B21
3096275,80933-11
3127483,203801-01
3127482,202649-01
3095923,65145-01
3119413,202340-01
3071905,201270-01
1189623,C4908AL
1189746,C9364WL
1189750,C9386AL
1189622,C4907AL
1189574,CC644WL
1189594,C8767WL
1189631,CD973AL
1003409,C4813A
1112648,C4836A
1189734,C8771WL
1189662,51640A
1003408,C4812A
1189626,C4909AL
1189755,C9392AL
1189756,C9393AL
1189604,C6625A
1189629,CD975AL
1189736,C8773WL
1189735,C8772WL
1004027,C9380A
1191124,113R00730
1084801,C9453A
1045206,109R00732
1191331,113R00724
1082072,C4820A
1189641,51644Y
1191364,113R00736
1071970,106R01218
1003764,C5019A
1191191,013R00621
1084408,C9398A
1004048,C9469A
1004925,C9422A
1072642,108R00645
2138544,106R02624
1004926,C9423A
1191326,106R01445
1191319,106R01456
3084186,F9J81A
3114142,4PFN0
3135111,800033848
3047363,H81I
2974234,BOXNUC5CPYH
3131670,MKH62LZ/A
3017515,BX80662I36100
2489244,D3L09A
2995196,3320V_DNIC
3127247,X9R30
3127228,DMR9T
2563242,F3G73AA
2976758,AP-7522E-67030-WR
2431182,P1050667-016
2360629,WT41N0-T2H27ER
2738070,726897-B21
3012136,7835V_A
3012134,7800V_GXC
3127584,200203-13
3071884,201260-01
2491578,CP-7821-K9=
2940223,S82BK2CL
2940222,A5S2BK2CL
1788588,DCS-6113
3078728,86701-01
3078729,87680-01
3071867,86700-01
3071881,200450-55
3071882,200460-55
3071883,200590-13
3134234,88130-01
3071521,201010-01
3096279,87680-04
3071662,64339-31
2470835,64338-31
3071864,84693-01
3101118,60961-35
3071877,86305-01
3071887,83543-11
3131697,79981-11
3071888,83544-01
3131698,80057-11
3071663,72442-41
3131699,88661-11
3071861,83545-01
3134236,203749-01
3071863,84692-01
3071886,83542-01
3101145,203946-01
3071664,79182-01
2470824,26716-01
3071862,84691-01
3096271,63725-03
2948544,20BW000DCL
3068520,80F600AUCL
3141933,332-2233
3122730,HYKYW
3068517,10B7A1GTCS
2978869,BX80662I56400
3017513,BX80662G4500
1000230,SUA24XLBP
3128023,PS1450
3128022,CA4000
1004563,CB540A
1005860,Q6002A
2997975,C2P19AL
1010031,WT-100CL
3143861,2251B003
2492858,C2H57A
3140279,64336-31
3140212,28959-01
1188603,DK-2212
3053835,PF1500G.AWH
1191152,113R00673
1191215,006R01273
1191330,113R00723
2368916,106R02610
1045143,113R00668
2368917,106R02611
2368918,106R02612
2368915,106R02609
1191234,106R01481
2343151,115R00074
1191328,108R00861
1191361,109R00724
1191241,113R00663
1191220,013R00603
1191195,108R00722
1045871,108R00591
3071889,87300-01
3071520,200739-01
3096278,86701-04
3096277,86700-04
1037408,CE261A
2940357,JG963A
3071631,"GTX 950 GAMING 2G"
3148924,N740-2GD5
3021419,60LF6350
3149091,20M38A
1021369,BTRY-WT40IAB0H
2144844,RS419-HP2000FSR
1232767,SG-WT4024000-01R
1291140,CRD4000-111UES
2943809,99EXL03-0C512SE
1242980,SAC4000-411CES
3093630,PJD5553LWS
3143520,720941205
2913698,V13H010L88
3021444,CF226A
3021445,CF226X
2987822_peta,ZBOX-CI321NANO-P-U_
1189578,CC654AL
1189733,C8721WL
1189619,C4901A
3128188,WDBGPU0010BBK-NESN
3157420,8331B005
3080977,L2Y22A
3068524,80LF0003CL
3127258,80NT00KQCL
3138983,N47YM
3155634,V11H553022
3159663,C11CE85202
1191085,106R01379
1137514,C6602A
3144768,PWRS-14000-54R
3157887,1093C001
3156336,777385-B21
2410825,CF068A
1005183,CC533A
1191110,106R01336
1019390,C5065A
3048360,80G001Y6CL
3074954,497K08250
2373069,497K11500
1006548,Q6472A
2913591,20BT000BCL
3068585,80LF000PCL
3102135,20DC0058CL
3018395,AP-7532-67040-WR
1084503,C9401A
2888308,CF361X
3071349,00Y6326
3143020,720831129
3161132,J9845A
1004181,J4858C
2891171,785067-B21
1074524,DEM-311GT
1996172,652503-B21
1165704,JD089B
1016148,503746-B21
2398245,DHP-W310AV
1023281,J9150A
2837867,DMC-805G
1891304,647594-B21
1165983,JD092B
1038715,C12C824352
2427635,88Y6416
2877669,00MJ105
2136094,AJ763B
3053177,5460B3U
2107376,AJ820B
1932179,JG311A
2940089,5463C2U
2940087,5462EOU
2107439,EH920B
2940088,5462EPU
2628457,E7V99A
3053180,7160EAU
1903355,651281-B21
2848717,00MJ145
2775893,00MJ149
3053178,5462AC1
2775883,00MJ129
3053181,7915AC1
3053179,5463AC1
3053182,8752AC1
2839120,WD5000LPLX
2775881,00MJ125
2897342,3873AR1
2775907,00MJ180
2775978,6099L2C
2863790,00MJ180
2764131,HDWW100XKWF1
2917419,15676272
2738153,764632-B21
2781036,00KA055
2358158,VX2370SMH-LED
3017227,VA2261-2
3030240,LH48DBEPLGA/GO
3017226,VA1903A
2864160,VG2433SMH
3074629,LH10DBDPLBC/ZA
2951621,P1914S
3012192,CDE7060T
3049690,VG2847SMH
2508866,VX2770SMH-LED
2711792,VX2880ML
3049068,LS19D300HY/ZS
2654789,CAMATF24
2732261,497K14670
2920850,2827V339
1189921,VW60
1510257,V13H010L60
1799660,V13H010L67
1265723,V13H010L58
1902112,V13H010L71
3014092,PJ-PEN-003
1044181,V13H010L49
3016646,WPD-100
2136739,888012313
1510258,V13H010L61
3124640,PGD-350
2703415,460-BBKM
1501383,V12H442001
2978492,RLC-078
3029891,TBCM1HSTR-P
3029890,TBCG1XSTP-P
1188574,PT-90
2736122,PT-E550WVP
2492687,PT-E300VP
2088532,C11C524131
2088534,C11C605001
2021696,C31CA85084
2403236,PTH105
3028526,LB3691-003
3080976,L2Y21A
3122900,2970V450
3101216,2958V469
3141098,38099-01
1890738,C8010A
3029793,T054420
3117351,6YRPH
3128058,T4M15LT
1694445,K33933
1188591,FAX275
1234002,SURTRK5
1000334,SBP5000RMI2U
1918830,KVM-USB
2431982,DCS-5020L
1000381,AR3100
2509941,DNR-202L
2670968,DCS-6315
2906401,DCS-4602EV
1234109,AP8706S
2838789,779861-B21
1188648,FAX-575
1904470,BW932A
1059985,AF620A
3139607,ZT-71301-20L
2779140,00MJ107
3139608,ZT-71302-20L
2906403,DCS-4701E
1903398,660584-B21
3017722,K5D27AA
3017721,K5D26AA
3017627,E5C13AA
2950177,JX2GP
2734490,N9Z-00004
2439105,SNA-BR2/35
2328949,MB112BE/B
2422120,HG273A
3069177,RLC-070
1000286,SURT10000XLI
1190411,JUD-00001
3120000,8331B024
3149093,22MP58VQ-P.AWH
1037407,CE260X
1004028,C9384A
1190388,APB-00004
1191202,5550V_NC
1510321,KVM-450
1189405,DVG-5008S
1670254,ATX500W-S
3160750,CT8G4SFD8213
3160747,CT16G4DFD8213
3127039,SKC400S3B7A/256G
3027759,CT4G4DFS8213
3160749,CT4G4SFS8213
3160748,CT16G4SFD8213
3156368,WDBWZE0000NBK-NESN
3156367,WDBWAZ0000NBK-NESN
1513425,TN-420
2575176,MLT-R607K/SEE
1191404,006R01178
2738033,725590-B21
3084271,P0D32LT
1047709,C31C222112
3018072,FQC-08981
3149107,25UM58-P
3143314,55LX341C.AWH
3222573,P0D64LT
3149109,29UM68-P
3127260,"B150M PRO-VH"
3149092,22M38A
1788131,LC-75BK
1521414,TN-315BK
1521415,TN-315C
1694442,K33374
1504422,LC-60M
1521416,TN-315M
1521417,TN-315Y
1788155,LC-79BK
1788157,LC-79M
1788158,LC-79Y
1188587,DK1208
1521410,TN-310BK
1521413,TN-310Y
1188569,DR620
1188612,TN-110BK
3102137,F0AY0085CL
3155737,V11H686020
2474704,497K13660
2474701,497K13630
1822943,497K06230
2474700,497K13620
1045049,097S03716
2955114,PTD-600VP
3212404,PDS-5000
1006586,Q5997A
2447532,TD2220
1996146,615732-B21
2738068,726821-B21
3212419,831064-001
3213716,21-32665-46R
1903456,664918-B21
1677338,UBC2000-I500DES
2738200,768857-B21
1543033,6500V_NC
3096284,L2747A
3094379,CT8G4DFD8213
3152720,89-206-KQ6101
3123359,1PCNF
2036355,L2718A
1071006,013R00623
1191120,106R01410
1543034,6505V_DNC
1191138,7500V_DN
3122904,T3L51LT
3154975,89-206-KE2102
1000255,SURTRK
3155736,V11H682020
1188655,DK-2205
1189627,C4903AL
1534334,4561B001
1188618,TN-110M
1006547,Q6471A
2446435,BX80646I54440
1932273,CE918A
2503067,DS620
2485873,C11CC24011
1902631,QL-700
2557665,P73-06176
2995557,DIG-50013-001
3229081,V11H692020
3229123,C11CE59303
3029804,F1H97A
3227144,10K40008CS
3227915,10K40009CB
1788134,LC-75Y
1504420,LC-60BK
1788132,LC-75C
1788133,LC-75M
1188584,DK1201
1504423,LC-60Y
1521409,DR-420
1214625,DK2243
1188579,LC-1100BK
1188670,LC980BK
1188585,DK-1202
1188671,LC980M
2430233,LC-105M
2430235,LC-107BK
1245419,V13H010L65
1188614,LC51Y
1788156,LC-79C
1190410,JWD-00031
2374416,1200G-2USB-1
2518843,CN463A
2136093,AJ762B
2891764,E6B70A
1521418,TN-450
2465139,52D4H00
2440623,50F4H00
1948288,BU-300CL
2430226,BU-220CL
2074238,C53030X
2770569,C31CD52062
2328269,ERC-27B
1903386,658071-B21
2748353,C31CD52063
2328267,ERC-09B
3222870,CT960BX200SSD1
1188607,MK-233
2027171,DTSE9H/8GBZ
2016564,KVR16N11S8/4
2403629,DT100G3/8GB
1005576,SDC4/8GB
2403627,DT100G3/16GB
2413872,DTSE9H/32GBZ
1953718,DTMCK/16GB
1014349,SD4/16GB
1995452,KVR16S11/8
3141448,KCP3L16SS8/4
3141447,KCP3L16SD8/8
3229124,C11CE91303
1858355,CE410A
1004564,CB541A
2327993,50F0Z00
1188672,LC980Y
1521411,TN-310C
1521412,TN-310M
1058121,X264A11G
1188624,DR-110CL
2328323,T133220-AL
2328337,T195420-AL
1681572,3484B001
1188638,TN620
1188627,TN-360
1680645,TZE-S651
1188617,LC51BK
1995164,108R01025
2328291,T073120H-AL
1171449,V13H010L57
1993944,C746A1CG
3115118,I5559_I781TGSW10S_5
3115116,I5458_I341TSUBS_5
2353055,28E0062
3127035,SKC400S37/256G
3141442,KCP316NS8/4
3217913,KVR21N15S8/8
2940470,KVR21N15S8/4
1189577,CC653AL
2557903,FQC-08284
2088526,B11B190011A2
2360596,B11B207231
2066826,QL-710W
2503560,"VPN S-602/CR"
2568620,"S602 BS"
2584891,"S101 B"
2490293,WD2003FZEX
3238770,ZTSSD-A5P-240G
3222996,O303AIOI3S45W7P3W
3243861,4YR-00229
1188762,7616A003
1004820,C9425A
1188708,0386B003
1005862,C5058A
1019388,C5061A
3017724,K5D29AA
2406546,6500B001
2406548,6529B001
1534367,4564B001
1188697,0263B001
3241915,79183-04
3065096,I5458_I541TSUS
1212924,SDC4/16GB
1995449,KVR16N11/8
2438942,KTL-TP3CL/8G
2149973,DTSE9H/64GB
2017605,KVR16S11S8/4
3229145,C11CE92303
3127040,SKC400S3B7A/512G
3127038,SKC400S3B7A/1T
3141441,KCP316ND8/8
1189909,K62148B
1966222,CF280X
2681748,STN-L4655E
1047501,C31C163272
1208518,BR500CI-AS
2147670,T3H-00011
1036516,BR550GI
1206615,BR1500GI
2437144,8595B003
1880921,5252B007
1234197,BR900GI
1000274,SURTRK2
3050846,9492B004
2590161,8745B005
1987990,AIR-ANT2524DW-R=
3223826,6848B007
3229757,100J0A05DCS
2396959,2974B017
2396958,2973B017
2406550,6531B001
1534365,4562B001
2406549,6530B001
2406547,6528B001
1988309,2785B003
2441221,2949B016AA
2475714,0623B035AA
2458051,1899B010AA
2443458,2946B016AA
2978873,BX80662I76700
3017512,BX80662G4400
3085985,N4V09AA
1988891,N610GT-MD1GD3/LP
3252942,59444067
1903385,657750-B21
1903391,659339-B21
3240588,T6E55LT
2561033,A9T81A
3251889,CL-5098
3222091,ZBOX-CI323NANO-U
3127259,"B150A GAMING PRO"
2902149,BX80646G3260
2978871,BX80662I56600
1188604,DK-2214
2913930,TZEB41
2324535,MD199CI/A
2826586,MD785CI/B
3097894,MK772CI/A
3126752,MK9G2CI/A
3115107,MH182CI/A
3149105,24MP58VQ-P.AWH
3096267,201851-01
2328948,MB110E/B
3029853,K7X61AA
3029856,M5G27LT
3029855,L8E70LT
2137543,CZ129A
2137576,CZ132A
2137544,CZ130A
2137577,CZ133A
1004025,C9373A
1004026,C9374A
1004024,C9372A
2431355,B3P24A
2484085,C1Q12A
2431350,B3P19A
1034279,CH566A
1004822,C9427A
1004821,C9426A
1084828,C9454A
1084347,C9390A
1084927,C9458A
1084741,C9451A
1084436,C9399A
1442117,CM991A
1441633,CH646A
1037400,C9405A
1084856,C9455A
1174789,CN635A
1004927,C9424A
3021456,CF412A
3257623,G6H44AA
3257622,G6H43AA
3257621,G6H42AA
3075291,MK0C2LZ/A
1188657,M-731
3096269,43596-65
1188647,DR-350
1188649,TN-550
2524091,TZE-FX631
1000668,AP9631
1000277,AP9565
3236886,T3L04LT
3127261,"Z170A GAMING M3"
1982979,LB3635
1866195,KVM-USBVM
1223159,SRC2000XLI
2520446,D3L09A
1866174,KVM-LCDMOUNT
1011095,SUA1500I
1000444,AR8136BLK
1253737,AR8621
1163196,L2722A
1214554,AP8858
2485122,A2W75A
1693943,AP9625
1723133,NBAC0231
1864243,CN049AL
1189575,CD887AL
1189580,CB314AL
1189576,CD888AL
1005181,CC531A
1005848,Q6000A
1189757,C9396AL
1005361,CE250A
2431352,B3P21A
1034280,CH567A
1189618,C4900A
2431324,B3P06A
1096202,C9407A
3021447,CF287A
1191255,109R00747
1864295,CN051AL
1823431,CF062A
2921005,K2R13A
1000584,AR3107
3140886,VX2457-MHD
3237979,XG2701
1034697,SY32K48H-PD
3269084,M8X91LT
3237978,XG2401
1189689,CB335WL
1189593,C8765WL
1189753,C9388AL
1189583,CB338WL
1112654,C4838A
1186397,C4837A
1034281,CH568A
1191329,108R00865
1534366,4563B001
3268775,20BU0003CL
3241940,0617C005
3258313,V11H719021
3241942,0630C005
1138030,CE285A
1138029,CE278A
1189742,C9351AL
1864240,CN046AL
1252842,CH563HL
1864242,CN048AL
1858357,CE411A
1858358,CE412A
1231000,CE311A
1044342,V13H010L53
3258347,CF210X
1681520,C950X71G
1864241,CN047AL
2480281,V13H010L78
3259272,2976B017
1299080,X792X1MG
2328669,QY777A6
1018734,PDM1332IEC-3P
3268453,P7F-00001
3260022,SRP-350UG
3223827,8468B009
3260020,SRP-35011UG
3268804,HL-1202
3269655,39461510
3269618,WDBFJK0030HBK-NESN
1036021,Q2612A
3085383,QY776A6
3135116,CF410A
3260147,LK-4WBN
3255482,TN3479
3255483,TN3499
3255481,TN3429
1541945,DES-1008A
1252383,DES-1016A
1230707,DAP-1360
1512838,DES-1210-28P
2868302,DHP-W311AV
2353061,35S5726
1857462,DNR-322L
1214555,AP8858EU3
1930756,DGS-1100-08
3269652,CF068A
3269451,VG2439M-LED
3269656,AP-6521-60020-WR
3268682,H5D-00013
2838710,726660-B21
2616901,DGS-1510-52
2838796,784606-B21
3269122,DV8Z2560_S216RAJB
3260023,SRP350IIUG
3269107,D3K91LA
3257149,LC24F390FHLXZS
3269653,G1X85A
2875558,DGS-1210-52P
2506114,KVR16LN11/4
2506205,KVR16LN11/8
3269642,B4L10A
3269657,ST9706
3269098,704558-001
3268803,BX80637G1610
3268452,NSF-00023
3269644,LS22C150NS/ZS
3268724,10BD001YCS
1122830,C734X24G
1788160,TZE-FX231
1239960,C792X1CG
2328039,70C0D40
1239964,C792X1MG
1838800,TZEFA3
1239965,C792X1YG
3268684,L3V-00004
2955301,L4B12LT
2616899,DGS-1510-28
3114261,CE658A
3269111,K5G11AA
3268776,20C0A0H4CS
3268683,JR9-00011
3269156,HLL2360DW
3269598,PJD5555W
3269110,J5U07AA
3269155,HLL2320D
3269121,4PFN0
3269109,J2N27LA
3269083,M5G72LT
3268765,U9Z-00032
3269450,VA2037A-LED
3269599,VA2445-LED
3268450,KG4-00053
3270172,"XT1543 WHT"
3268451,L9V-00005
3269112,LV290AA
3269082,L8D37LA
3270180,P2C27LT
3268777,57331860
3268449,KF6-00055
3257178,CT8G4SFS8213
2360610,T596800
3268745,N9Z-00004
3269648,201260-01
3114272,J2M18LT
3114274,LF19NEBHBNM/ZA
3257177,CT8G4DFS8213
3005250,L9M11LA
2605529,LF19NEBHBNM/ZA
2403628,DT100G3/32GB
1996242,669324-B21
2422119,CV136A
1852852,CN551A
2328273,ERC-41B
2769944,24GM77
2978872,BX80662I56600K
2978874,BX80662I76700K
3134574,T1B40LT
3095840,L4B22LT
3123045,V1P46LT
3095781,CN463A
3095699,A9U23A
3095853,LS19E310HY/ZS
3095837,L4B10LT
3114271,CZ282A
3269136,1093C001
3115122,O7440AIOI5S850W7P3W
3095834,KVR16S11/2
3095869,NK437LA
3245634,HL-L6400DW
3286343,PT251U-00QNB1
3260815,DCP-L5650DN
3095690,8328B005
3114242,B2G79A
3274811,Q2F-00013
3072328,BOXNUC6I3SYH
3114285,VG2732M-LED
3240583,V325SFI5SS41TW7P1W
3095838,L4B19LT
3115123,V3458I3HS81TW7P1W
3095835,L1910A
3274781,5WH-00002
3095783,CP-6921-C-K9=
3269078,L745I7BS825W7P3W
3245668,MFC-L5900DW
3241941,0629C005
3242730,HDTC830XK3C1
3292939,C31CD52062
3095713,BX1100CI
3229726,20FCA06PCL
3260816,MFC-L6700DW
3095701,AIR-ANT1728
3072334,BOXNUC6I5SYH
3114286,VX2370SMH-LED
3095916,WS-C2960S-48FPS-L
3095795,DWA-125
3095857,M5H09LA
3095839,L4B21LT
3095882,Q3723A
3095716,C11CC24011
3095851,LH40MECPLGA/ZA
3210364,IO3052_CEL450BW10S
3115121,O704SFI7S81W7P3W
3095833,K9Y75LT
3144702,SG1BTCHUS
3095731,C888-K9
3114284,VA2465SMH
3256354,YH1KT
3095629,10B7A12ACS
3095662,5550V_NC
3095871,O902SFI7GS850W7P3W
3095693,89-206-ED7100
3245669,MFC-L6900DW
3095794,DIR-610
3095876,PSCDAP-010LM3
3095714,BX650CI
3095850,LF19TOWHBFM/ZA
3229727,80F600AQCL
3095831,K6N72LT
3240578,L747I7SS825W8P3W
3256323,V4B89LT
3095818,J5P01LA
3222995,IO3052_PQC450BW10S
3095817,J5N44LA
3095792,D4H22A
3095918,WS-C3750X-24T-S
3095799,E3E03A
3095917,WS-C3560-8PC-S
3095798,E3E02A
2775900,00MJ166
3095652,3635MFPV_SED
3095866,MLS13L001RAA
3095688,81Y9670
2779888,6907B007
3095867,N2S80LA
3292943,OB031100100B1102
3274858,6CH-00001
3286342,PSD24P-00ELM1
3210767,P5V79LT
3291122,80NJ00L1CL
3134755,T1B43LT
3292938,AP-PSBIAS-7161-WW
3271372,WDBVBZ0000NCH-NESN
3095616,006R01551NE
3240576,L347I5SS450W7P3W
3095732,C891F-K9
3084295,89-206-EG6201
3213715,6027V_NIC
3114283,S607BK
3095425,KCP421NS8/4
3095704,ASA5525-K9
3095811,I62BK
3095665,5822BK
3288833,B4J-00177
3240577,L547I7SS850W8P3W
3269650,6810BK-1
3055484,SDC10G2/8GB
3114243,B2L57A
3217911,KCP421NS8/8
3012728,4265V_SC
3130111,C8N26AV
3292941,CRD9000-1001SR
3095681,727604-B21
3229728,80F600C0CL
3095894,SFE2010P
3114240,716342652
3226153,T3L79LT
3001098,HDTB330XK3CA
3143313,49LX310C.AWH
3095427,KCP421SS8/4
3240579,O304SFI5S850W7P3W
3095784,CP-9971-W-CAM-K9=
3285714,8330B045
3269080,E2D14AV
3149090,16M38A-B.AWH
3095812,IO23I5_TS81TSW8CI
3095915,WS-C2960C-8TC-L
3288834,EHWIC-4ESG-P=
3095730,C881-K9
3114239,6810BK
3095702,AIR-ANT5114P-N=
3095803,EX4200-24F-DC
3095637,18201340
3217912,KCP421SS8/8
3095624,106R01531NE
3286399,X9350_I5T812SW10S_5
3020990,FQC-09131
3020991,KW9-00265
3161822,T5D-02324
2897270,6GQ-00088
3161823,W6F-00608
3161827,D87-07114
3161829,Z9V-00342
3161819,269-16804
2897286,QQ2-00008
3161821,GZA-00700
3161826,D86-05549
3161828,H30-05445
3161820,79G-04286
1189720,CB337WL
1694465,L82021B
2368902,106R02234
1678912,106R01602
2565864,V11H568020
3114247,CB435A
3114278,Q5942A
3114248,CB436A
3274792,GMF-00380
3095883,Q5949A
3095764,CE412A
3095719,C1807A
3274793,GMF-00384
3114269,CF383A
3114250,CC364A
3114281,Q7503A
3095746,CD971AL
3095765,CE413A
3095720,C2P23AL
3274788,7YF-00001
3095845,LC-1100M
3274795,H3S-00003
3274776,35H-00006
3274809,PW4-00001
3114231,108R01121
3274783,7MM-00001
3274779,4YH-00005
3274804,PN7-00001
3114228,108R00697
3095657,50F0Z00
3095846,LC-75C
3095749,CE250A
3095913,V11H569020
3095886,Q6576A
3095708,B3P18A
3095753,CE278A
3283699,V11H651021
3095723,C4942A
3095763,CE411A
3116352,F9A30A
3274777,3TJ-00004
3114219,097N01524
3114253,CE310A
3095620,097S04069
3274784,7MP-00001
3084217,108R01122
3274782,6JH-00004
3274801,L6V-00001
3114227,108R00581
3095633,113R00773
3095707,B3P15A
3095752,CE272A
3114245,C4907AL
3095744,CC530A
3274789,ANB-00004
3274800,L5V-00004
3095660,52D4H00
3095755,CE311A
3114256,CE400A
3114265,CF358A
3274813,U7Z-00001
3095920,X748H1YG
3095887,Q7551X
3095729,C8543X
3212353,T582000
3114264,CF280X
3274798,JWD-00031
3289122,0617B050
3095914,V13H010L61
1863900,006R01160
1230910,106R01531
1191084,106R01294
1191092,006R01462
2732246,097S04625
1995162,108R01023
1231461,108R00838
1995163,108R01024
2138346,497N01412
3095899,T073120-AL
3095615,006R01406
3095895,SL-SCF4500/SEE
3114282,Q7504A
3095909,T774120-AL
3095621,098N02190
3114221,106R01205
3095733,C925X72G
3241943,0667C001
3095671,64018HL
3241946,0670C001
3274808,PT3-00004
3114222,106R01459
3274805,PN9-00004
3095655,4533B001
3255480,DR3460
3241945,0669C001
3274807,PP4-00004
3241944,0668C001
3095802,E953836
3095771,CF286A
3245632,HL-L5100DN
3286397,HYKYW
3138894,V1H56LA
3095870,O303AIOI5S41W7P3W
3293704,9854B005
1486534,109R00783
1678913,106R01603
2431351,B3P20A
1084379,C9397A
1082744,C5059A
3238011,M0H62AL
2683729,C1Q17A
2683730,C1Q18A
2565840,331-6304
3238009,M0H60AL
1821489,108R01037
3141703,F9K16A
3141704,F9K17A
3255586,106R03103
3141702,F9K15A
1000391,SURT007
3080979,L2Y24A
2459887,AR2400FP1
3095806,F5S29A
2328268,ERC-23B
3095703,AIR-PWRINJ3=
3286831,C11CE05302
3291120,811080
3289932,T3V74AA
3254882,AR112
2088529,B11B198021
3095772,CF399A
3297338,CQ890A
3297340,P3D98LT
3251560,T6K29LT
3289681,ADS2400N
3297335,40G0217
3297304,10B7A1GWCS
3226149,P5V21LT
3274837,C11CE71305
2949057,80EQ007RCL
2360613,T673320-AL
2360615,T673520-AL
2360616,T673620-AL
3030270,L8L91A
3030269,K7X00A
3126778,PSCRCU-004NC1
3290860,V4B83LT
3144712,60DFAAR1US
3240581,"PT2DJ / 210-AGMV"
3292300,32LH570B
3292308,60UH6500
3289934,10J0A07VCS
3297339,L4A41LT
3294355,W5325V_SW
3260449,LS22F350FHLXZS
3268454,S3V-00007
3144711,10GSA004CS
3297336,80FA004LCL
3292306,55LH5750
3257190,727306052
3289933,10J0A05DCS
2953474,60B8AAR6US
3284874,XT1542
3095570,D9Y32AA
3144710,10FXA00UCS
3229725,20FCA06NCL
2035426,CZ105AL
1864296,CN052AL
2035432,CZ117AL
1231002,CE313A
1212940,CE323A
1003406,C4810A
2116419,CF210X
1189698,C4905AL
1189630,CD972AL
1798194,CE400X
1858356,CE410X
1798226,CE402A
1189628,CD971AL
2328316,T103120-AL
1084477,C9400A
2088579,V11H477020
2366482,2661B001
2683728,C1Q16A
3286820,PP4-00004
2888316,CF400A
2888322,CF403A
2888318,CF401A
2683727,C1Q15A
2888320,CF402A
3084220,50F4H00
3258350,Q7551A
1263391,V13H010L65
3114229,108R00713
3114266,CF359A
1864244,CN050AL
2328340,T196320-AL
2328287,T063320-AL
2328296,T081220-AL
2328299,T081520-AL
2637678,6707B001
2637676,6705B001
2637679,6708B001
2637677,6706B001
3053751,9259B001
2637675,6704B001
3299160,CF281A
1555050,5MH-00009
3290499,MMGF2CI/A
3290500,MMGG2CI/A
1790602,K72355
3268758,89-206-KQ7101
2432010,K72425AM
3258293,89-206-EZ8171
3268759,89-206-KS6110
3292312,K72436ES
1864239,CN045AL
3286400,ANB-00004
3095847,LC-75Y
1694454,K62384
3292375,K72464WW
3292313,K72444ES
3292310,K72356
3114236,497K13620
3286395,BOXNUC5I5RYK
2975232,BOXNUC5PPYH
3102493,ZTSSD-A5P-240G-PE
3095692,8745B005
1694464,L22803US
1009956,PC-501
1689818,K62904
3095778,CM993A
1689826,L57822A
1694453,K62383
3255615,T1C07LT
3286341,H2C22AA
3290859,T6F03LT
3300196,80LF0003CL
3269123,O902MCI7S850W7P3W
3306110,X9R30
3099966,9856B002
3302607,V11H552021
3240580,O324AIOI5S41W7P3W
1713978,LS19A100NS/ZS
3097694,BX80662G3900
3302588,V4B86LT
3301187,W8L15LA
3286055,9500B042
3301294,X3S22LA
3307658,HDTU110XKWC1
3283757,CBL025R
3257150,LS19F350HNLXZS
3260450,LS24F350FHLX/ZS
3242729,HDTC805XK3A1
3285713,0515C005
3285034,HDTC805XC3A1
3285556,HDTS824XZSTA
3285555,HDTS812XZSTA
1530514,CE390A
3121631,805667-B21
3259376,TN-210M
1912048,0388B003AA
3302519,C925X75G
3302533,CF352A
3302518,C792X1MG
3302534,CF353A
3053754,9282B001
3095634,115R00077
2035425,CZ104AL
2918146,MD818AM/A
3053753,9281B001
3053752,9280B001
3269649,497K14670
3267846,T3L83LT
3084313,PSCPAU-00HNB2
3095686,80FY00DKCL
3095685,80FY00AECL
3095822,J8V55LT
3239329,HDTU110XKWC1
3297341,V1H56LA
3269620,WDBZFP0010BBK-NESN
3260137,CD-415
3095856,M5G93LT
3269158,89-206-EG6100
3095906,T5D-01634
3095819,J5U16AA
3269617,WDBABV5000ABK-NESN
3095864,ME643E/A
3095859,M8X85LT
3293951,C11CE54303
3095872,P3E52LT
3269619,WDBKXH5000ASL-NESN
3095904,T1B98LT
3095865,ME864CI/A
3095861,M8X92LT
3095826,K4M58LT
2437186,WDBU6Y0020BBK-EESN
3255860,24MT47D-PM.AWH
3222997,O7440AIOI7S850W7P3W
3095873,P7P59LA
3021459,CF413A
3114277,Q2612A
3259300,106R02312NE
3259301,108R00961
3259273,T042420-AL
3259302,115R00070
3095289,L2Y26A
3258349,Q5949X
3095726,C736H1YG
3258304,CE018A
2960550,20BU0001CL
2088533,C11C526001
3257200,84V74
3095898,SURTD3000XLI
3291092,BLS8G3D18ADS3
3257176,I5458_I341TSUBS
3291091,BLS4G3D18ADS3
2374407,6219B004
3210768,T4L62LT
3124784,T6F02LT
3212818,T4L64LT
3291505,SUV400S37/120G
3124795,V1G86LT
3291506,SUV400S37/240G
3124796,V1H33LT
3212817,P5V26LT
3100893,F3T98AV
3291507,SUV400S37/480G
3124798,V1H36LT
3042830,C11C559001
3147261,L2749A
3251559,T6K28LT
3114275,P3D76LT
3286058,V2V83LT
3298127,W6C06LA
2885752,HX421C14FB/4
3302597,28MT48BF-PM.AWH
3302596,24MT48AF-PM
3302503,22MP48HQ
3302595,23MP48HQ-P
3114257,CE401A
3274799,L3V-00004
2584076,T774120-AL
3139062,MINIDISPLAYPORTTOHDMI
2977267,DTMC3/32GB
3114273,JWD-00031
3302191,KKDK
3302190,1SC-15X0
3294306,ZTSSD-A5P-120G
3302192,PSAC30U-090
1231001,CE312A
2328041,70C0Z50
1793727,497K08290
3298575,W6C00LT
3300173,BR550GI
3300172,BR500CI-AS
3140885,VX2257-MHD
3237446,SSDSC2KW480H6X1
1602746,NBES0301
1577909,AP9335TH
3236911,SSDSC2KW010X6X1
2437187,WDBUZG0010BBK-EESN
3212382,VX2757-MHD
3096280,89433-01
3292311,K72392
3021453,CF411A
3289125,LC-107BK
3317468,W6C00LT
3297342,V1P48LT
3311322,T6E55LT
2979672,PSCPAU-006NC1
2328271,ERC-32B
3040383,PSCPJU-01TNB1
3040384,PSKWNU-063NB3
2960606,HDTC7104W16-BDL
3316527,GM-500
3316530,M-902
3316529,M-901
3316528,GM-800
1004249,CB436A
1036371,C9406A
3114280,Q6000A
2328281,T046120-AL
3072451,P3D98LT
1214530,SMT1000I
3289142,"Z170M MORTAR"
3300261,SRC2000XLI
2690193,SRT192BP2
3300262,SRC3000XLI
3289139,"B150M MORTAR"
3289140,"Z170A KRAIT GAMING"
3095648,3225V_DNIH
3309829,SURT20KRMXLI
3302213,SURT6000RMXLI
3289054,N750TI-2GD5/OC
3289052,"N750TI TF 2GD5/OC"
3300264,SRT5KXLI
2370351,70C8HM0
1006569,Q5952A
1036018,C9732A
2358705,DK-1203
3095618,013R00591
3318827,72442-41
1036016,C9730A
1006580,Q5953A
1006567,Q5950A
1036017,C9731A
1682408,4565B001
3114217,006R01517
3095627,109R00751
3315407,P71-07725
3316549,R18-03765
2328284,T047420-AL
3317462,V11H718021
1931701,V13H010L75
1035056,CISCO2911/K9
1954313,KVM-222
2780861,J2M16LT
3122729,05VYM
2771042,JG922A
2542247,P2414H
3322970,1068C001
3300190,9017B003
3293954,N4V11AA
1690109,J9407B
1990562,KTT-S3C/4G
3317937,14Z960-G
3322974,9946B005
2963044,JH017A
3317938,15Z960-G
3243574,10HB004CCB
3323125,9947B014
3236801,20FCA048CL
3322973,9540B020
3322972,9540B005
3322971,9487B004
2432011,0622B035AA
2888314,CF363X
3300191,9435B001
3114263,CF031A
3096268,201852-01
3274780,5MH-00009
3114252,CE253A
3095849,LC51BK
3294408,20FRA02UCL
3337198,S5V-00007
2566131,331-6304
2838772,777385-B21
3289136,V1H34LT
3298055,THN-U401S0320U4
2909154,C32C815471
3306756,20BT000DCL
3317914,ML0F2CI/A
3302205,SURT10000XLI
3298034,THN-U401S0160U4
3252382,830011-B21
3289971,MK722CI/A
3305954,HDWD120UZSVA
3053719,0011C001
3305951,HDTS848XZSTA
3306108,PFM016L-2DAK
3318826,PA3E0000CL
2665751,9725B003
3306107,PFM008L-2DAK
3306109,PFM032L-2DAK
3271320,C31CD84311
1534333,4533B001
2353060,35S0404
3339896,60C7MAR1US
1967152,2645B004
2910132,6269B001
3005684,6270B001
1188761,1550A001
3271321,C33S020635
3005786,6273B001
1188732,1491A002
3005785,6271B001
3271324,C33S020638
3271323,C33S020637
3271322,C33S020636
3003643,L4S23AA
3255611,BLS8G4D240FSE
3255581,BLS16G4D240FSB
3255607,BLS4G4D240FSE
2035404,CZ103AL
3268778,PJD7828HDL
3255583,BLS16G4D240FSE
3257192,IO3459_I5T81TBW10S
3255609,BLS8G4D240FSB
3302530,5F7-00001
3309828,SMT2200RMI2U
3255605,BLS4G4D240FSB
2869967,PJD5153
3308696,W6C02LT
3020068,PJD6250L
1559769,SMT3000RMI2U
3251599,VSD231-BKA-US0
3300263,SRC96XLBP
3302216,SURTD3000XLI
3306063,VIEWSYNC3
3074352,NMP710-P8
2336368,MB572BE/B
3030257,715068617
2518834,ME800CI/A
3341137,DCP-9020CDN
3341731,10BBA10NCL
3302529,5DX-00003
3341544,P5V21LT
3341746,PSKWSU-09HNC2
3341543,CT102464BA160B
2789176,00AM067
2458050,0621B035AA
1231460,108R00837
3095725,C7115A
2649678,WMK-047
1721294,V13H134A29
1005624,Q5999A
2769917,B3M75A
1086222,CE860A
1983190,CF406A
1232944,J8019A
2759017,430-3114
1036019,C9733A
3149339,LT6505
3114218,008R12903
2865910,KHX-HSCP-RD
3342928,X8Q50LA
2865909,KHX-HSCP-GM
3302531,998-BQXO
3302584,P0E18LA
2690209,SRT8KXLI
3341539,831064-001
3302585,K6R18LT
1555051,6JH-00004
3342927,V1H36LT
3317472,840668-001
3252246,817937-B21
3252217,805349-B21
3252267,818174-B21
3317470,834607-001
3338026,C11CD14201
3252178,801288-B21
3252218,805351-B21
3317681,830574-S01
3212764,D9L63A
3338027,C11CD15201
3252216,805347-B21
3338030,C11CE27201
3299090,AP9630
3302586,L4B13LT
3149108,27MP68VQ-P
3344779,90NB0A42-M02810
3318862,ZBOX-MI523NANO-U
3030239,LH40RMDNLGG/ZS
3252285,818208-B21
3341733,K6P78LT
3344778,80F600C0CL
3344855,B56
3298565,580-ADVB
3345874,52K-00272
3345885,5F7-00007
3342925,T1B40LT
3292309,65UH6150
3292304,49LH5700
2733036,35S0264
3101235,35S5728
3293809,DCPT700W
3310925,WDBGPU0010BBY-NESN
3310484,WDBGPU0010BBL-NESN
3310926,WDBGPU0010BWT-NESN
2468244,35S5725
1035053,CISCO2901/K9
3344777,SRC3000XLI
3342926,T1B43LT
3311648,10EYA01CCS
3311649,10GSA05DCS
3292302,43LH5700
3300257,SBP5000RMI2U
3269924,10F1A02CCL
3285545,N9K77AA
3346050,NG6-00007
3350809,V1P46LT
3318836,CT51264BD160B
3318764,CT102464BD160B
1053493,C734A1KG
1060242,C734A1MG
3301305,570-AALK
3300278,KHX-HSCC-BK-LR
2328282,T047220-AL
3285542,27190-01
3149338,LT5505
3289729,38324-01
2446105,LI2208-SR7U2100SGW
2881799,BX700UI
3149106,24MT48DF-PS
3084309,L2734A
2480054,28E0507
2353013,28C0062
2353014,28C0557
3286057,P5V22LT
3341745,C11CD76203
3212761,D9L19A
3311650,10HB0030CS
3303307,210-AGMV
1015504,SURT15KRMXLI
3212760,D9L18A
3338029,C11CE25201
3347468,ZA0R0020CL
3095653,3QT-00007
3241265,5C7-00145
3012119,J5P00LT
3095679,6MU-00003
3095804,EX6-00006
3095832,K7L-00003
3259283,AP8716S
3260818,13831-002
3257175,"XT1563 WHT"
3095656,4V5-00003
3095670,5C5-00010
3260819,2844-10300-0001
3260021,SRP-350PLUSIICOG
3288832,80MH0087CL
3307504,HFX5V
3256321,60B7HAR1US
3309709,W6C06LA
3095659,52A-00004
3095891,RK2-00003
3095676,6FM-00002
3260817,01973-000
3260821,S4M00-2001-0100T
3307606,7225VI_TW
3095868,N7V-00079
3095645,286287039
3256322,80QD00C9CL
3226151,T1B44LT
3352759,9126B028
3256324,XT1543
3095718,C11CE56303
3338037,SUV400S37/120G
3095892,S2V-00012
1191170,008R12896
1071060,006R01276
1004923,C9420A
3317496,15729-05
3236818,460-BBNE
3238008,M0H59AL
3238010,M0H61AL
3344704,V11H764020
1197721,106R01277
3139061,10/250MAGIC
1191394,008R12903
1191322,106R01459
3338764,Q6003A
3258345,CE514A
3095750,CE255X
3292276,106R02778
3257187,85619-102
2455855,C31CB25024
1678390,KVM-440
3285547,T4Z24AA
1133454,AK379A
2339300,C0H27A
3274796,H5D-00013
3338028,C11CD49201
3064730,E1916HF
3095893,S4V-00005
1189415,DKVM-4U
3252273,818186-B21
2844337,DGS-1100-24P
3339212,850367-S01
3078061,DSR-500AC
3159683,A8518673
3315427,7855VI_T
2864424,70A40048CB
3306106,HDWJ110UZSVA
3306105,HDWJ105UZSVA
3292843,AP7551
3355476,65UH7700.AWH
3355475,55LH6000.AWH
3305952,HDTS896XZSTA
3096281,89434-01
3095155,35S0504
3040529,CF379A
3242728,PA2C0081CL
3257201,N47YM
3310901,T5D-02713
3084303,DIR-905L
2413321,35S0504
3317471,840068-S05
3040842,KVR21S15S8/4
3299977,KVR24N17S8/4
3217915,KVR21S15S8/8
3299978,KVR24N17S8/8
3084219,286282972
3084310,O302MCI3S450W7P3W
3175819,AP-AC-UN
1188592,BU-200CL
3300171,BR1500GI
2865335,J2M98LA
3023128,P0D99LA
3008731,L9L81LA
3147282,N4V30AA
3239234,P3Q17AA
3226144,ZA0R0020CL
3147284,P3Q17AA
3139069,P0E02LA
3244918,P0E43LA
3286830,P0E31LA
3128155,80E400WXCL
3143819,P0D95LA
3212574,N4U86AA
3156263,80M20074CL
3259353,ZA0F0057CL
3147281,N4V24AA
3226124,80E400XKCL
3347454,ZBOX-MI543NANO-U
3139068,N4V42AA
2885753,HX421C14FB/8
3260728,J2N31LA
3292850,80T60037CL
3139067,N4V38AA
3276448,F0BB00ACCL
3156349,F0BB009MCL
3276446,80T6000HCL
3212836,N4V40AA
3212835,N4U89AA
3274787,7XF-00001
1006542,Q7583A
3274790,APB-00004
3274791,B2M-00016
2637680,8788B001
3084218,113R00667
3255728,LT6500
2637682,8790B001
1004805,Q3964A
3114238,497K13660
3255727,LT5500
2637681,8789B001
2637684,8792B001
3291112,204446-01
3095632,113R00712
2904887,B5L36A
2637683,8791B001
3274810,PY9-00004
1910944,6227A001
1793728,497K08300
3075292,MLNC2CI/A
3128157,80NJ00L1CL
3075289,MG2Q2LZ/A
3366332,3M4-00031
2518831,ME279CI/A
3366405,VA708A
1188696,8489A003
3084296,B3P14A
3084300,CC641WL
2358756,LT-5400
3012143,XM2
3257186,85618-102
3286039,85618-101
3084314,Q1396A
3114237,497K13630
3161818,T6F03LT
3161084,J8H61A
3072715,B5L46A
3306611,O324AIOI3S450W7P3W
3333637,L547I5SS41TW7P3W
3338025,L0S68AL
3338024,L0S71AL
3338023,L0S65AL
3338022,L0S62AL
1822246,KT-151827-03R
2339306,EH970A
3367708,J8H61A
3302502,19M38H-B
3274757,N4V43AA
3294417,20FMA059CL
3294023,20F5A0FCCL
3152803,00FK644
3294416,20FMA058CL
2824794,20A8A0LYCL
3343557,ZTSSD-S11-120G-P
3369159,Y0Q69LA
3303309,PH550G
3339032,ZT-P10600B-10M
2904222,81Y3647
3341557,ZTSSD-A5P-960G
3323183,"GTX 1080 GAMING 8G"
3306111,C11CE86303
3303311,PW1500G
2990000,795107-B21
3116353,L2Y25A
3252376,828356-B21
3252520,852432-B21
3252286,818209-B21
1013082,512327-B21
3311651,10HVA015CS
3294024,20F5A0FDCL
3333636,Y2D5D
2954765,39631012
3341158,W6C10LA
3323181,"GTX 1080 ARMOR 8G OC"
3347413,ZTSSD-S11-240G-P
3333639,L727I7SS825W7P3W
3352875,ZT-P10600A-10L
3226152,T3L03LT
3366373,F0V64A
3323176,"GTX 1070 ARMOR 8G OC"
3298567,ZT-70605-10M
3141440,KCP313SS8/4
3141438,KCP313NS8/4
3212418,820792-B21
3302248,W5X69LT
3325748,P5W42LT
3339242,W5X70LT
3141101,80930-21
3302206,SURT1000XLI
3333635,4RPNN
3347477,WD4004FZWX
2996003,BXTS15A
3333638,L547I7SS81TW7P3W
2780545,G8C11AA
3317943,D3Q20C
3372966,Y0Q52LA
1212937,CE320A
3084221,5203B001AB
2772724,M5BK
3323178,"GTX 1070 GAMING X 8G"
3243867,9506B003
1036370,C8543X
3289141,"Z170A TOMAHAWK AC"
3301330,J7K34A
3292307,55UH6150.AWH
3292301,43LH5100
3373007,55LW540S
3355277,CT1050MX300SSD1
3373060,49LH6000
3355279,CT525MX300SSD1
3335379,C11CE90303
1006568,Q5951A
3095737,C9403A
1694438,1300G-2USB
3318835,CT25664BD160B
2689787,STND-23R03-006-4
3122731,MWXTN
3364730,CT750MX300SSD1
3252309,819880-B21
2034603,GC420-100510-000
3366853,ZBOX-PI221-W2B
3315636,P351I7GS81TW7P3W
3319083,ZT-P10700C-10P
2328272,ERC-38B
3080943,VA708A
3347125,V11H723021
3376657,L547I5SS41TW7P3W
3359165,3260V_DNIH
3332502,LK-5WBN
2863104,PTD400
3376845,P0D82LA
3368063,"GTX 1080 GAMING 8G"
3376855,C9397A
3376856,C9399A
3368744,20F6006GCL
3379456,GXB0M09022
3379455,GXB0K28987
2341040,MD463BE/A
2135792,MD823ZM/A
2441222,3480B001
3289124,DR-210CL
